Age,Attrition,BusinessTravel,DailyRate,Department,DistanceFromHome,Education,EducationField,EnvironmentSatisfaction,Gender,HourlyRate,JobInvolvement,JobLevel,JobRole,JobSatisfaction,MaritalStatus,MonthlyRate,NumCompaniesWorked,OverTime,PercentSalaryHike,PerformanceRating,RelationshipSatisfaction,StockOptionLevel,TotalWorkingYears,TrainingTimesLastYear,WorkLifeBalance,YearsAtCompany,YearsInCurrentRole,YearsSinceLastPromotion,YearsWithCurrManager,Annual_CTC_LPA,Comp_Ratio,Overwork_Strain,Role_Friction
41,Yes,Travel_Rarely,1102,Sales,1,2,Life Sciences,2,Female,94,3,2,Sales Executive,4,Single,19479,8,Yes,11,3,1,0,8,0,1,6,4,0,5,15.28215,0.9618038838067725,2.0,1.0
49,No,Travel_Frequently,279,Research & Development,8,1,Life Sciences,3,Male,61,2,2,Research Scientist,2,Married,24907,1,No,23,4,4,1,10,3,3,10,7,1,7,13.0815,1.7766233766233765,8.0,1.4
37,Yes,Travel_Rarely,1373,Research & Development,2,2,Other,4,Male,92,2,1,Laboratory Technician,3,Single,2396,6,Yes,15,3,2,0,7,3,3,0,0,0,0,5.3295,0.7241857241857242,4.0,1.2
33,No,Travel_Frequently,1392,Research & Development,3,4,Life Sciences,4,Female,56,3,1,Research Scientist,3,Married,23159,1,Yes,11,3,3,0,8,3,3,8,7,3,0,7.41795,1.0074458874458874,6.0,1.4
27,No,Travel_Rarely,591,Research & Development,2,1,Medical,1,Male,40,3,1,Laboratory Technician,2,Married,16632,9,No,12,3,4,1,6,3,3,2,2,2,2,8.8434,1.2016632016632018,2.0,1.2
32,No,Travel_Frequently,1005,Research & Development,2,2,Life Sciences,4,Male,79,3,1,Laboratory Technician,4,Single,11864,0,No,13,3,3,0,8,2,2,7,7,3,6,7.8234,1.063063063063063,2.0,1.2
59,No,Travel_Rarely,1324,Research & Development,3,3,Medical,3,Female,81,4,1,Laboratory Technician,1,Married,9964,4,Yes,20,4,1,3,12,3,2,1,0,0,0,6.8085,0.9251559251559252,6.0,1.2
30,No,Travel_Rarely,1358,Research & Development,24,1,Life Sciences,4,Male,67,3,1,Laboratory Technician,3,Divorced,13335,1,No,22,4,2,1,1,2,3,1,0,0,0,6.86715,0.9331254331254331,24.0,1.2
38,No,Travel_Frequently,216,Research & Development,23,3,Life Sciences,4,Male,44,2,3,Manufacturing Director,3,Single,8787,0,No,21,4,2,0,10,2,3,9,7,1,8,24.2913,1.4775864743291454,23.0,1.2
36,No,Travel_Rarely,1299,Research & Development,27,3,Medical,3,Male,94,3,2,Healthcare Representative,3,Married,16577,6,No,13,3,2,2,17,3,2,7,7,7,7,13.35435,0.7689032447511379,27.0,1.2
35,No,Travel_Rarely,809,Research & Development,16,3,Medical,1,Male,84,4,1,Laboratory Technician,2,Married,16479,0,No,13,3,3,1,6,5,3,5,4,0,3,6.1863,0.8406098406098406,16.0,1.2
29,No,Travel_Rarely,153,Research & Development,15,2,Life Sciences,4,Female,49,2,2,Laboratory Technician,3,Single,12682,0,Yes,12,3,4,0,10,3,3,9,5,0,8,10.69215,1.4528759528759527,30.0,1.2
31,No,Travel_Rarely,670,Research & Development,26,1,Life Sciences,1,Male,31,3,1,Research Scientist,3,Divorced,15170,1,No,17,3,4,1,5,1,2,5,2,4,3,7.42305,1.008138528138528,26.0,1.4
34,No,Travel_Rarely,1346,Research & Development,19,2,Medical,2,Male,93,3,1,Laboratory Technician,4,Divorced,8758,0,No,11,3,3,1,3,2,3,2,2,1,2,6.78555,0.922037422037422,19.0,1.2
28,Yes,Travel_Rarely,103,Research & Development,24,3,Life Sciences,3,Male,50,2,1,Laboratory Technician,3,Single,12947,5,Yes,14,3,2,0,6,4,3,4,2,0,3,5.1714,0.7027027027027027,48.0,1.2
29,No,Travel_Rarely,1389,Research & Development,21,4,Life Sciences,2,Female,51,4,3,Manufacturing Director,1,Divorced,10195,1,No,11,3,3,1,10,1,3,10,9,8,8,25.449,1.5480068248797891,21.0,1.2
32,No,Travel_Rarely,334,Research & Development,5,2,Life Sciences,1,Male,80,4,1,Research Scientist,2,Divorced,15053,0,Yes,12,3,4,2,7,5,2,6,2,0,5,8.4099,1.1421645021645022,10.0,1.4
22,No,Non-Travel,1123,Research & Development,16,2,Medical,4,Male,96,4,1,Laboratory Technician,4,Divorced,7324,1,Yes,13,3,2,2,1,2,2,1,0,0,0,7.48425,1.016978516978517,32.0,1.2
53,No,Travel_Rarely,1219,Sales,2,4,Life Sciences,1,Female,78,2,4,Manager,4,Married,22021,2,No,16,3,3,0,31,3,3,25,8,3,7,39.33885,0.8838408433355296,2.0,1.8
38,No,Travel_Rarely,371,Research & Development,2,3,Life Sciences,4,Male,45,3,1,Research Scientist,4,Single,4306,5,Yes,11,3,3,0,6,3,3,3,2,1,2,10.0572,1.365887445887446,4.0,1.4
24,No,Non-Travel,673,Research & Development,11,2,Other,1,Female,96,4,2,Manufacturing Director,3,Divorced,8232,0,No,18,3,4,1,5,5,2,4,2,1,3,10.22805,0.6221498371335504,11.0,1.2
36,Yes,Travel_Rarely,1218,Sales,9,4,Life Sciences,3,Male,82,2,1,Sales Representative,1,Single,6986,7,No,23,4,2,0,10,4,3,5,3,0,3,8.68785,1.3210546723536252,9.0,1.2
34,No,Travel_Rarely,419,Research & Development,7,4,Life Sciences,1,Female,53,3,3,Research Director,2,Single,21293,0,No,11,3,3,0,13,4,3,12,6,2,11,30.5847,0.7264688067837675,7.0,1.2
21,No,Travel_Rarely,391,Research & Development,15,2,Life Sciences,3,Male,96,3,1,Research Scientist,4,Single,19281,1,No,14,3,4,0,0,6,3,0,0,0,0,3.1416,0.42666666666666664,15.0,1.4
34,Yes,Travel_Rarely,699,Research & Development,6,1,Medical,2,Male,83,3,1,Research Scientist,1,Single,17102,2,No,11,3,3,0,8,2,3,4,2,1,3,7.548,1.025108225108225,6.0,1.4
53,No,Travel_Rarely,1282,Research & Development,5,3,Other,3,Female,58,3,5,Manager,3,Divorced,10735,4,No,11,3,4,1,26,3,2,14,13,4,8,48.6897,1.0939299321091982,5.0,1.8
32,Yes,Travel_Frequently,1125,Research & Development,16,1,Life Sciences,2,Female,72,1,1,Research Scientist,1,Single,4681,1,Yes,22,4,2,0,10,5,3,10,2,6,7,9.99345,1.3572294372294371,32.0,1.4
42,No,Travel_Rarely,691,Sales,8,4,Marketing,3,Male,48,3,2,Sales Executive,2,Married,21173,0,No,11,3,4,1,10,2,3,9,7,4,2,17.40375,1.0953298025999036,8.0,1.0
44,No,Travel_Rarely,477,Research & Development,7,4,Medical,1,Female,42,2,3,Healthcare Representative,4,Married,2094,3,No,14,3,4,1,24,4,3,22,6,5,17,26.1324,1.5046248715313464,7.0,1.2
46,No,Travel_Rarely,705,Sales,2,4,Marketing,2,Female,83,3,5,Manager,1,Single,22822,3,No,12,3,4,0,22,2,2,2,2,2,1,48.31485,1.0855080351771749,2.0,1.8
33,No,Travel_Rarely,924,Research & Development,2,3,Medical,3,Male,78,3,1,Laboratory Technician,4,Single,6670,4,No,11,3,4,0,7,3,3,1,1,0,0,6.3648,0.8648648648648648,2.0,1.2
44,No,Travel_Rarely,1459,Research & Development,10,4,Other,4,Male,41,3,2,Healthcare Representative,4,Married,19121,2,Yes,13,3,4,0,9,5,4,4,2,1,3,16.48575,0.9491998238144178,20.0,1.2
30,No,Travel_Rarely,125,Research & Development,9,2,Medical,4,Male,83,2,1,Laboratory Technician,3,Single,16117,1,No,13,3,1,0,10,5,3,10,0,1,8,5.6253,0.7643797643797644,9.0,1.2
39,Yes,Travel_Rarely,895,Sales,5,3,Technical Degree,4,Male,56,3,2,Sales Representative,4,Married,3335,3,No,14,3,3,1,19,6,4,1,0,0,0,5.3193,0.8088406359053897,5.0,1.2
24,Yes,Travel_Rarely,813,Research & Development,1,3,Medical,2,Male,61,3,1,Research Scientist,4,Married,3020,2,Yes,16,3,1,1,6,2,2,2,0,2,0,5.84715,0.7941125541125541,2.0,1.4
43,No,Travel_Rarely,1273,Research & Development,2,2,Medical,4,Female,72,4,1,Research Scientist,3,Divorced,21923,1,No,12,3,4,2,6,3,2,5,3,1,4,6.74475,0.916017316017316,2.0,1.4
50,Yes,Travel_Rarely,869,Sales,3,2,Marketing,1,Male,86,2,1,Sales Representative,3,Married,3810,1,Yes,14,3,3,0,3,2,3,3,2,0,2,6.84165,1.0403257076386194,6.0,1.2
35,No,Travel_Rarely,890,Sales,2,3,Marketing,4,Female,97,3,1,Sales Representative,4,Married,9687,1,No,13,3,1,0,2,3,3,2,2,2,2,5.1357,0.7809228383094222,2.0,1.2
36,No,Travel_Rarely,852,Research & Development,5,4,Life Sciences,2,Female,82,2,1,Research Scientist,1,Married,13072,9,Yes,14,3,4,1,6,3,4,1,1,0,0,8.71845,1.184069264069264,10.0,1.4
33,No,Travel_Frequently,1141,Sales,1,3,Life Sciences,3,Female,42,4,2,Sales Executive,1,Married,3193,2,No,19,3,1,2,10,3,3,5,3,1,3,13.7088,0.862782859894078,1.0,1.0
35,No,Travel_Rarely,464,Research & Development,4,2,Other,3,Male,75,3,1,Laboratory Technician,4,Divorced,10910,1,No,12,3,3,1,1,3,3,1,0,0,0,4.97505,0.6760221760221761,4.0,1.2
27,No,Travel_Rarely,1240,Research & Development,2,4,Life Sciences,4,Female,33,3,1,Laboratory Technician,1,Divorced,19715,1,No,13,3,4,1,1,6,3,1,0,0,0,5.96955,0.8111573111573112,2.0,1.2
26,Yes,Travel_Rarely,1357,Research & Development,25,3,Life Sciences,1,Male,48,1,1,Laboratory Technician,3,Single,10558,1,No,12,3,3,0,1,2,2,1,0,0,1,5.84715,0.7945252945252945,25.0,1.2
27,No,Travel_Frequently,994,Sales,8,3,Life Sciences,4,Male,37,3,3,Sales Executive,3,Single,2975,1,No,15,3,4,0,9,0,3,9,8,1,7,22.2513,1.4004172684962284,8.0,1.0
30,No,Travel_Frequently,721,Research & Development,1,2,Medical,3,Female,58,3,2,Laboratory Technician,4,Single,10781,1,No,23,4,4,0,12,2,3,12,8,3,7,10.22805,1.3898128898128896,1.0,1.2
41,Yes,Travel_Rarely,1360,Research & Development,12,3,Technical Degree,2,Female,49,3,5,Research Director,3,Married,16280,1,No,12,3,4,0,23,0,3,22,15,15,8,49.83975,1.1838279830405816,12.0,1.2
34,No,Non-Travel,1065,Sales,23,4,Marketing,2,Male,72,3,2,Sales Executive,3,Single,10034,0,No,20,4,3,0,10,2,3,9,5,8,7,11.6484,0.7331086502969025,23.0,1.0
37,No,Travel_Rarely,408,Research & Development,19,2,Life Sciences,2,Male,73,3,1,Research Scientist,2,Married,10227,4,No,21,4,1,0,8,1,3,1,0,0,0,7.7061,1.0465800865800865,19.0,1.4
46,No,Travel_Frequently,1211,Sales,5,4,Marketing,1,Male,98,3,2,Sales Executive,4,Single,20445,4,Yes,21,4,3,0,14,4,3,9,6,0,8,14.7186,0.926336061627347,10.0,1.0
35,No,Travel_Rarely,1229,Research & Development,8,1,Life Sciences,4,Male,36,4,1,Laboratory Technician,4,Married,4892,1,No,19,3,4,0,1,2,3,1,0,0,1,5.78595,0.7862092862092861,8.0,1.2
48,Yes,Travel_Rarely,626,Research & Development,1,2,Life Sciences,1,Male,98,2,3,Laboratory Technician,3,Single,19294,9,Yes,13,3,4,0,23,2,3,1,0,0,0,13.72155,1.8645183645183645,2.0,1.2
28,Yes,Travel_Rarely,1434,Research & Development,5,4,Technical Degree,3,Male,50,3,1,Laboratory Technician,3,Single,11179,1,Yes,13,3,3,0,2,3,2,2,2,2,2,8.77455,1.1923076923076923,10.0,1.2
44,No,Travel_Rarely,1488,Sales,1,5,Marketing,2,Female,75,3,2,Sales Executive,1,Divorced,4009,5,Yes,21,4,3,1,9,2,2,4,3,1,3,13.9077,0.875300914780934,2.0,1.0
35,No,Non-Travel,1097,Research & Development,11,2,Medical,3,Male,79,2,3,Healthcare Representative,1,Married,8302,2,Yes,13,3,3,1,10,3,3,4,0,2,3,25.2042,1.4511819116135662,22.0,1.2
26,No,Travel_Rarely,1443,Sales,23,3,Marketing,3,Female,47,2,2,Sales Executive,4,Married,21436,7,Yes,19,3,3,1,5,2,2,2,2,0,0,10.60035,0.6671481303161612,46.0,1.0
33,No,Travel_Frequently,515,Research & Development,1,2,Life Sciences,1,Female,98,3,3,Research Director,4,Single,15146,1,Yes,12,3,3,0,15,1,3,15,14,8,12,34.3179,0.8151423379769838,2.0,1.2
35,No,Travel_Frequently,853,Sales,18,5,Life Sciences,2,Male,71,3,3,Sales Executive,1,Married,11031,1,No,22,4,4,1,9,3,2,9,8,1,8,23.12595,1.455464612421762,18.0,1.0
35,No,Travel_Rarely,1142,Research & Development,23,4,Medical,3,Female,30,3,1,Laboratory Technician,1,Married,16002,3,Yes,15,3,3,1,4,3,3,2,2,2,2,10.2357,1.3908523908523907,46.0,1.2
31,No,Travel_Rarely,655,Research & Development,7,4,Life Sciences,4,Male,48,3,2,Laboratory Technician,4,Divorced,9528,3,No,22,4,4,1,10,3,2,7,7,1,7,15.08325,2.0495495495495493,7.0,1.2
37,No,Travel_Rarely,1115,Research & Development,1,4,Life Sciences,1,Male,51,2,2,Manufacturing Director,3,Divorced,2689,1,No,18,3,3,1,7,2,4,7,5,0,7,15.28215,0.9295796494493562,1.0,1.2
32,No,Travel_Rarely,427,Research & Development,1,3,Medical,1,Male,33,3,2,Manufacturing Director,4,Married,10877,1,Yes,22,4,2,1,9,3,3,9,8,7,8,15.7131,0.955793392275477,2.0,1.2
38,No,Travel_Frequently,653,Research & Development,29,5,Life Sciences,4,Female,50,3,2,Laboratory Technician,4,Single,5456,1,No,11,3,4,0,10,2,3,10,3,9,9,6.1353,0.8336798336798337,29.0,1.2
50,No,Travel_Rarely,989,Research & Development,7,2,Medical,2,Female,43,2,5,Research Director,3,Divorced,16701,5,Yes,12,3,4,1,29,2,2,27,3,13,8,47.787,1.1350696547546941,14.0,1.2
59,No,Travel_Rarely,1435,Sales,25,3,Life Sciences,1,Female,99,3,3,Sales Executive,1,Single,2354,7,No,11,3,4,0,28,3,2,21,16,7,9,19.47435,1.2256459637297383,25.0,1.0
36,No,Travel_Rarely,1223,Research & Development,8,3,Technical Degree,3,Female,59,3,3,Healthcare Representative,3,Divorced,8202,1,No,13,3,2,3,17,2,3,17,14,12,8,25.7448,1.4823080311261196,8.0,1.2
55,No,Travel_Rarely,836,Research & Development,8,3,Medical,4,Female,33,3,4,Manager,3,Divorced,19730,2,Yes,14,3,3,3,21,2,3,5,0,0,2,37.6278,0.8453980348907159,16.0,1.8
36,No,Travel_Frequently,1195,Research & Development,11,3,Life Sciences,2,Male,95,2,2,Manufacturing Director,2,Single,22656,1,No,13,3,3,0,6,3,3,6,5,0,3,16.57245,1.0080657670234217,11.0,1.2
45,No,Travel_Rarely,1339,Research & Development,7,3,Life Sciences,2,Male,59,3,3,Research Scientist,1,Divorced,18787,2,No,17,3,3,1,25,2,3,1,0,0,0,24.7962,3.3676190476190473,7.0,1.4
35,No,Travel_Frequently,664,Research & Development,1,3,Medical,2,Male,79,3,1,Research Scientist,1,Married,5868,4,No,13,3,4,1,5,2,2,3,2,1,2,5.5947,0.7598268398268397,1.0,1.4
36,Yes,Travel_Rarely,318,Research & Development,9,3,Medical,4,Male,79,2,1,Research Scientist,3,Married,21777,0,Yes,17,3,1,1,2,0,2,1,0,0,0,8.6394,1.1733333333333333,18.0,1.4
59,No,Travel_Frequently,1225,Sales,1,1,Life Sciences,1,Female,57,2,2,Sales Executive,3,Single,24668,7,No,11,3,4,0,20,2,2,4,3,1,3,13.95615,0.8783501845610655,1.0,1.0
29,No,Travel_Rarely,1328,Research & Development,2,3,Life Sciences,3,Male,76,3,1,Research Scientist,2,Married,4956,0,No,23,4,4,1,6,3,3,5,4,0,4,6.89265,0.936103896103896,2.0,1.4
31,No,Travel_Rarely,1082,Research & Development,1,4,Medical,3,Male,87,3,1,Research Scientist,2,Single,18775,1,No,17,3,2,0,1,4,3,1,1,1,0,6.37755,0.8661471861471862,1.0,1.4
32,No,Travel_Rarely,548,Research & Development,1,3,Life Sciences,2,Male,66,3,2,Research Scientist,2,Married,7346,1,No,17,3,2,2,10,3,3,10,4,0,9,15.861,2.154112554112554,1.0,1.4
36,No,Travel_Rarely,132,Research & Development,6,3,Life Sciences,2,Female,55,4,1,Laboratory Technician,4,Married,22002,3,No,12,3,2,0,5,3,3,1,0,0,0,7.7469,1.0526680526680527,6.0,1.2
31,No,Travel_Rarely,746,Research & Development,8,4,Life Sciences,3,Female,61,3,2,Manufacturing Director,4,Single,20682,1,No,23,4,4,0,11,2,3,11,7,1,8,11.2812,0.6862106406080347,8.0,1.2
35,No,Travel_Rarely,776,Sales,1,4,Marketing,3,Male,32,2,2,Sales Executive,1,Single,23016,0,No,14,3,2,0,16,2,3,15,13,2,8,10.9956,0.6920237522067083,1.0,1.0
45,No,Travel_Rarely,193,Research & Development,6,4,Other,4,Male,52,3,3,Research Director,1,Married,15067,4,Yes,14,3,2,0,17,3,4,0,0,0,0,33.77475,0.8022410660205935,12.0,1.2
37,No,Travel_Rarely,397,Research & Development,7,4,Medical,1,Male,30,3,3,Research Director,3,Single,25258,4,No,13,3,1,0,16,3,4,5,2,0,2,34.8432,0.8276196244700184,7.0,1.2
46,No,Travel_Rarely,945,Human Resources,5,2,Medical,2,Male,80,3,2,Human Resources,2,Divorced,10425,8,Yes,22,4,4,1,16,2,3,4,2,0,2,12.80355,1.6233430326543807,10.0,1.2
30,No,Travel_Rarely,852,Research & Development,1,1,Life Sciences,4,Male,55,2,2,Laboratory Technician,4,Married,15998,1,Yes,12,3,3,2,10,1,2,10,8,3,0,13.0713,1.7761607761607763,2.0,1.2
35,No,Travel_Rarely,1214,Research & Development,1,3,Medical,2,Male,30,2,1,Research Scientist,3,Single,26278,1,No,18,3,1,0,6,3,3,6,4,0,4,7.29045,0.9901298701298701,1.0,1.4
55,No,Travel_Rarely,111,Sales,1,2,Life Sciences,1,Male,70,3,3,Sales Executive,4,Married,18092,3,No,14,3,4,1,24,4,3,1,0,1,0,26.10945,1.6432354357246026,1.0,1.0
38,No,Non-Travel,573,Research & Development,6,3,Medical,2,Female,79,1,2,Research Scientist,4,Divorced,15717,7,Yes,12,3,4,3,17,3,3,13,11,1,9,13.58895,1.8455411255411256,12.0,1.4
34,No,Travel_Rarely,1153,Research & Development,1,2,Medical,1,Male,94,3,2,Manufacturing Director,2,Married,17736,1,No,15,3,3,0,5,2,3,5,2,1,3,11.02875,0.6708546610826741,1.0,1.2
56,No,Travel_Rarely,1400,Research & Development,7,3,Life Sciences,4,Male,49,1,3,Manufacturing Director,4,Single,21698,4,No,11,3,1,0,37,3,2,6,4,0,2,18.513,1.126105165193113,7.0,1.2
23,No,Travel_Rarely,541,Sales,2,1,Technical Degree,3,Male,62,3,1,Sales Representative,1,Divorced,9518,3,No,13,3,3,1,3,3,3,0,0,0,0,5.9211,0.9003489724699496,2.0,1.2
51,No,Travel_Rarely,432,Research & Development,9,4,Life Sciences,4,Male,96,3,1,Laboratory Technician,4,Married,18725,3,No,23,4,2,2,10,4,3,4,2,0,3,5.29125,0.718988218988219,9.0,1.2
30,No,Travel_Rarely,288,Research & Development,2,3,Life Sciences,3,Male,99,2,2,Healthcare Representative,4,Married,15830,1,No,19,3,1,3,11,3,3,11,10,10,8,10.5876,0.6096021142269857,2.0,1.2
46,Yes,Travel_Rarely,669,Sales,9,2,Medical,3,Male,64,2,3,Sales Executive,4,Single,13596,1,No,16,3,4,0,9,3,3,9,8,4,7,24.52845,1.5437329481624136,9.0,1.0
40,No,Travel_Frequently,530,Research & Development,1,4,Life Sciences,3,Male,78,2,4,Healthcare Representative,2,Married,14115,1,No,22,4,4,1,22,3,2,22,3,11,11,34.43265,1.9825282631038028,1.0,1.2
51,No,Travel_Rarely,632,Sales,21,4,Marketing,3,Male,71,3,2,Sales Executive,4,Single,8423,0,Yes,22,4,4,0,11,2,1,10,7,1,0,13.87455,0.8732145722997913,42.0,1.0
30,No,Travel_Rarely,1334,Sales,4,2,Medical,3,Female,63,2,2,Sales Executive,2,Divorced,19760,1,Yes,12,3,2,3,11,4,2,11,8,2,7,13.28295,0.8359813834055528,8.0,1.0
46,No,Travel_Frequently,638,Research & Development,1,3,Medical,3,Male,40,2,3,Healthcare Representative,1,Married,3142,2,Yes,13,3,3,1,21,5,2,10,9,9,5,27.21615,1.5670239318749082,2.0,1.2
32,No,Travel_Rarely,1093,Sales,6,4,Medical,2,Male,87,3,2,Sales Executive,3,Single,24301,1,No,16,3,1,0,12,0,3,11,8,5,7,12.7755,0.8040442946557533,6.0,1.0
54,No,Travel_Rarely,1217,Research & Development,2,4,Technical Degree,1,Female,60,3,3,Research Director,3,Married,24001,9,No,12,3,1,1,16,5,1,4,3,0,3,34.54995,0.8206541490006058,2.0,1.2
24,No,Travel_Rarely,1353,Sales,3,2,Other,1,Female,33,3,2,Sales Executive,3,Married,17519,0,No,21,4,1,1,4,2,2,3,2,0,2,12.74745,0.8022789279409405,3.0,1.0
28,No,Non-Travel,120,Sales,4,3,Medical,2,Male,43,3,2,Sales Executive,3,Married,8863,1,No,15,3,2,0,5,3,4,5,4,0,4,10.76355,0.6774193548387096,4.0,1.0
58,No,Travel_Rarely,682,Sales,10,4,Medical,4,Male,37,3,4,Sales Executive,3,Single,24409,0,No,13,3,3,0,38,1,2,37,10,1,8,35.3736,2.2262879152623976,10.0,1.0
44,No,Non-Travel,489,Research & Development,23,3,Medical,2,Male,67,3,2,Laboratory Technician,2,Married,25043,4,No,12,3,3,1,17,3,4,3,2,1,2,5.2071,0.7075537075537075,23.0,1.2
37,Yes,Travel_Rarely,807,Human Resources,6,4,Human Resources,3,Male,63,3,1,Human Resources,1,Divorced,23648,4,Yes,22,4,4,0,7,3,3,3,2,0,2,5.28615,0.6702230843840932,12.0,1.2
32,No,Travel_Rarely,827,Research & Development,1,1,Life Sciences,4,Male,71,3,1,Research Scientist,1,Single,15178,1,No,13,3,4,0,1,2,3,1,0,0,0,7.5378,1.0237229437229436,1.0,1.4
20,Yes,Travel_Frequently,871,Research & Development,6,3,Life Sciences,4,Female,66,2,1,Laboratory Technician,4,Single,19783,1,Yes,18,3,2,0,1,5,3,1,0,1,0,7.4613,1.0138600138600138,12.0,1.2
34,No,Travel_Rarely,665,Research & Development,6,4,Other,1,Female,41,3,2,Research Scientist,3,Single,12482,1,No,14,3,3,0,16,3,3,16,13,2,10,12.26295,1.6654545454545455,6.0,1.4
37,No,Non-Travel,1040,Research & Development,2,2,Life Sciences,3,Male,100,2,2,Healthcare Representative,4,Divorced,15850,5,No,14,3,4,1,17,2,4,1,0,0,0,13.16565,0.7580384671854353,2.0,1.2
59,No,Non-Travel,1420,Human Resources,2,4,Human Resources,3,Female,32,2,5,Manager,4,Married,21922,9,No,21,4,4,1,30,3,3,3,2,2,2,48.0522,1.0796069781431723,2.0,1.8
50,No,Travel_Frequently,1115,Research & Development,1,3,Life Sciences,1,Female,73,3,5,Research Director,2,Married,9755,3,Yes,19,3,1,0,28,1,2,8,3,0,7,46.3386,1.1006662628709873,2.0,1.2
25,Yes,Travel_Rarely,240,Sales,5,3,Marketing,3,Male,46,2,2,Sales Executive,3,Single,26959,1,Yes,11,3,4,0,6,1,3,6,4,0,3,14.6472,0.921842400898732,10.0,1.0
25,No,Travel_Rarely,1280,Research & Development,7,1,Medical,4,Male,64,2,1,Research Scientist,4,Married,26897,1,No,11,3,3,2,2,2,3,2,2,2,1,7.36695,1.0005194805194806,7.0,1.4
22,No,Travel_Rarely,534,Research & Development,15,3,Medical,2,Female,59,3,1,Laboratory Technician,4,Single,23785,1,No,15,3,3,0,1,5,3,0,0,0,0,7.32105,0.9948024948024947,15.0,1.2
51,No,Travel_Frequently,1456,Research & Development,1,4,Medical,1,Female,30,2,3,Healthcare Representative,1,Single,25796,3,No,20,4,3,0,23,1,2,13,12,12,8,19.0842,1.0988107473205109,1.0,1.2
34,Yes,Travel_Frequently,658,Research & Development,7,3,Life Sciences,1,Male,66,1,2,Laboratory Technician,3,Single,22887,1,Yes,24,4,4,0,9,3,3,9,7,0,6,15.4887,2.1046431046431047,14.0,1.2
54,No,Non-Travel,142,Human Resources,26,3,Human Resources,4,Female,30,4,4,Manager,4,Single,13871,2,Yes,12,3,3,0,23,3,3,5,3,4,4,44.1864,0.9927525852931909,52.0,1.8
24,No,Travel_Rarely,1127,Research & Development,18,1,Life Sciences,2,Male,52,3,1,Laboratory Technician,3,Married,13257,0,No,12,3,3,1,6,2,3,5,3,1,2,7.0737,0.9611919611919612,18.0,1.2
34,No,Travel_Rarely,1031,Research & Development,6,4,Life Sciences,3,Female,45,2,2,Research Scientist,2,Divorced,15000,6,No,15,3,3,1,12,3,3,1,0,0,0,11.48775,1.56017316017316,6.0,1.4
37,No,Travel_Rarely,1189,Sales,3,3,Life Sciences,3,Male,87,3,3,Sales Executive,4,Single,14506,2,No,12,3,1,0,12,3,3,5,3,1,3,18.9414,1.1921039961482909,3.0,1.0
34,No,Travel_Rarely,1354,Research & Development,5,3,Medical,3,Female,45,2,3,Manager,1,Single,5615,2,No,12,3,4,0,14,6,3,11,10,5,8,29.65905,0.6663611103153915,5.0,1.8
36,No,Travel_Frequently,1467,Sales,11,2,Technical Degree,2,Female,92,3,3,Sales Executive,4,Married,22952,0,No,14,3,3,1,10,6,3,9,7,2,8,24.8319,1.5628310062590274,11.0,1.0
36,No,Travel_Rarely,922,Research & Development,3,2,Life Sciences,1,Female,39,3,1,Laboratory Technician,4,Divorced,2561,5,No,22,4,1,1,7,2,3,1,0,0,0,7.22925,0.9823284823284824,3.0,1.2
43,No,Travel_Frequently,394,Sales,26,2,Life Sciences,3,Male,92,3,4,Manager,4,Married,19494,1,Yes,12,3,4,2,25,3,4,25,12,4,12,43.24545,0.9716119052393365,52.0,1.8
30,No,Travel_Frequently,1312,Research & Development,23,3,Life Sciences,1,Male,96,1,1,Research Scientist,3,Divorced,22310,1,No,25,4,3,3,10,2,2,10,7,0,9,6.66315,0.9049350649350649,23.0,1.4
33,No,Non-Travel,750,Sales,22,2,Marketing,3,Male,95,3,2,Sales Executive,2,Married,15480,0,No,13,3,1,1,8,2,4,7,7,0,7,15.6723,0.9863585299309902,22.0,1.0
56,Yes,Travel_Rarely,441,Research & Development,14,4,Life Sciences,2,Female,72,3,1,Research Scientist,2,Married,4510,9,Yes,18,3,1,3,7,2,3,5,4,4,3,12.65565,1.7187878787878788,28.0,1.4
51,No,Travel_Rarely,684,Research & Development,6,3,Life Sciences,1,Male,51,3,5,Research Director,3,Single,6462,7,No,13,3,3,0,23,5,3,20,18,15,15,49.81935,1.1833434282253181,6.0,1.2
31,Yes,Travel_Rarely,249,Sales,6,4,Life Sciences,2,Male,76,1,2,Sales Executive,3,Married,20739,4,Yes,18,3,2,0,12,3,2,7,7,7,7,15.7386,0.9905312148932754,12.0,1.0
26,No,Travel_Rarely,841,Research & Development,6,3,Other,3,Female,46,2,1,Research Scientist,2,Married,23300,1,No,19,3,3,0,5,3,2,5,4,4,3,6.0384,0.8200865800865801,6.0,1.4
58,Yes,Travel_Rarely,147,Research & Development,23,4,Medical,4,Female,94,3,3,Healthcare Representative,4,Married,3465,1,No,12,3,4,1,40,3,2,40,10,15,6,26.2956,1.5140214359124944,23.0,1.2
19,Yes,Travel_Rarely,528,Sales,22,1,Marketing,4,Male,50,3,1,Sales Representative,3,Single,26820,1,Yes,19,3,4,0,0,2,2,0,0,0,0,4.27125,0.6494765412950756,44.0,1.2
22,No,Travel_Rarely,594,Research & Development,2,1,Technical Degree,3,Male,100,3,1,Laboratory Technician,4,Married,19299,0,No,14,3,3,1,3,2,3,2,1,2,1,6.43365,0.8742203742203742,2.0,1.2
49,No,Travel_Rarely,470,Research & Development,20,4,Medical,3,Female,96,3,2,Manufacturing Director,1,Married,5549,1,No,14,3,3,0,16,2,2,15,11,5,11,16.74585,1.0186133085155886,20.0,1.2
43,No,Travel_Frequently,957,Research & Development,28,3,Medical,2,Female,72,4,1,Research Scientist,3,Single,16090,4,No,12,3,4,0,18,2,3,3,2,1,2,12.08445,1.6412121212121211,28.0,1.4
50,No,Travel_Frequently,809,Sales,12,3,Marketing,3,Female,77,3,3,Sales Executive,4,Single,6645,4,No,11,3,4,0,16,3,3,2,2,2,1,23.4804,1.4777724281816722,12.0,1.0
31,Yes,Travel_Rarely,542,Sales,20,3,Life Sciences,2,Female,71,1,2,Sales Executive,3,Married,24788,3,Yes,11,3,3,1,4,2,3,2,2,2,2,11.62545,0.7316642593484192,40.0,1.0
41,No,Travel_Rarely,802,Sales,9,1,Life Sciences,3,Male,96,3,3,Sales Executive,3,Divorced,21196,3,Yes,13,3,3,1,12,2,3,9,7,0,7,20.88195,1.3142352752367195,18.0,1.0
26,No,Travel_Rarely,1355,Human Resources,25,1,Life Sciences,3,Female,61,3,1,Human Resources,3,Married,8916,1,No,23,4,4,1,8,3,3,8,7,5,7,7.5021,0.9511800840607825,25.0,1.2
36,No,Travel_Rarely,216,Research & Development,6,2,Medical,2,Male,84,3,2,Manufacturing Director,2,Divorced,2819,6,No,20,4,4,2,7,0,3,3,2,0,1,12.59955,0.7664029781293625,6.0,1.2
51,Yes,Travel_Frequently,1150,Research & Development,8,4,Life Sciences,1,Male,53,1,3,Manufacturing Director,4,Single,25150,2,No,15,3,4,0,18,2,3,4,2,0,3,27.1575,1.6519311307584923,8.0,1.2
39,No,Travel_Rarely,1329,Sales,4,4,Life Sciences,4,Female,47,2,2,Sales Executive,3,Married,14590,4,No,14,3,3,1,17,1,4,15,11,5,9,15.0501,0.9471994864387738,4.0,1.0
25,No,Travel_Rarely,959,Sales,28,3,Life Sciences,1,Male,41,2,2,Sales Executive,3,Married,24835,2,No,18,3,4,0,6,3,3,2,2,2,2,22.02945,1.386454822660889,28.0,1.0
30,No,Travel_Rarely,1240,Human Resources,9,3,Human Resources,3,Male,48,3,2,Human Resources,4,Married,13982,0,Yes,19,3,4,0,12,2,1,11,9,4,7,16.18485,2.05205302295506,18.0,1.2
32,Yes,Travel_Rarely,1033,Research & Development,9,3,Medical,1,Female,41,3,1,Laboratory Technician,1,Single,10224,7,No,22,4,1,0,10,2,4,5,4,0,4,10.71,1.4553014553014554,9.0,1.2
45,No,Travel_Rarely,1316,Research & Development,29,3,Medical,3,Male,83,3,1,Research Scientist,4,Single,9752,5,No,13,3,2,0,9,2,2,6,5,0,3,8.8026,1.1954978354978354,29.0,1.4
38,No,Travel_Rarely,364,Research & Development,3,5,Technical Degree,4,Female,32,3,2,Research Scientist,3,Single,2302,3,Yes,20,4,2,0,19,2,3,3,2,2,2,11.00835,1.495064935064935,6.0,1.4
30,No,Travel_Rarely,438,Research & Development,18,3,Life Sciences,1,Female,75,3,1,Research Scientist,3,Single,23910,1,No,14,3,3,0,5,4,2,5,4,0,4,6.7116,0.9115151515151515,18.0,1.4
32,No,Travel_Frequently,689,Sales,9,2,Medical,4,Male,35,1,2,Sales Executive,4,Divorced,22812,0,No,17,3,4,3,9,2,4,8,7,0,7,11.9034,0.7491574386133846,9.0,1.0
30,No,Travel_Rarely,201,Research & Development,5,3,Technical Degree,4,Female,84,3,1,Research Scientist,1,Divorced,10415,5,No,14,3,4,1,8,3,3,3,2,2,2,8.1702,1.1096103896103895,5.0,1.4
30,No,Travel_Rarely,1427,Research & Development,2,1,Medical,2,Male,35,2,1,Laboratory Technician,4,Single,11162,0,No,13,3,4,0,6,3,3,5,3,1,2,6.936,0.9424809424809425,2.0,1.2
41,No,Travel_Frequently,857,Research & Development,10,3,Life Sciences,4,Male,91,2,4,Manager,1,Divorced,12888,4,No,13,3,2,1,21,2,2,7,6,7,7,43.81155,0.9843306883611675,10.0,1.8
41,No,Travel_Rarely,933,Research & Development,9,4,Life Sciences,3,Male,94,3,1,Laboratory Technician,1,Married,6961,2,No,21,4,4,1,7,2,3,5,0,1,4,5.7069,0.7754677754677755,9.0,1.2
19,No,Travel_Rarely,1181,Research & Development,3,1,Medical,2,Female,79,3,1,Laboratory Technician,2,Single,16102,1,No,14,3,4,0,1,3,3,1,0,0,0,3.78165,0.5138600138600138,3.0,1.2
40,No,Travel_Frequently,1395,Research & Development,26,3,Medical,2,Female,54,3,2,Research Scientist,2,Divorced,8504,1,No,11,3,1,1,20,2,3,20,7,2,13,14.29275,1.941125541125541,26.0,1.4
35,No,Travel_Rarely,662,Sales,1,5,Marketing,3,Male,94,3,3,Sales Executive,2,Married,11439,1,No,13,3,1,2,10,3,3,10,8,0,6,18.60225,1.1707591076873696,1.0,1.0
53,No,Travel_Rarely,1436,Sales,6,2,Marketing,2,Male,34,3,2,Sales Representative,3,Married,16047,2,Yes,20,4,4,1,13,3,1,7,7,4,5,5.8803,0.8941450174486235,12.0,1.2
45,No,Travel_Rarely,194,Research & Development,9,3,Life Sciences,2,Male,60,3,2,Laboratory Technician,2,Divorced,10901,8,No,18,3,3,1,20,2,1,17,9,0,15,5.9874,0.8135828135828136,9.0,1.2
32,No,Travel_Frequently,967,Sales,8,3,Marketing,2,Female,43,3,3,Sales Executive,4,Single,15589,1,No,14,3,4,0,9,2,3,9,8,3,7,22.9449,1.4440699727170598,8.0,1.0
29,No,Non-Travel,1496,Research & Development,1,1,Technical Degree,4,Male,41,3,2,Manufacturing Director,3,Married,26283,1,No,13,3,1,1,10,1,3,10,7,0,9,11.01345,0.6699239956568948,1.0,1.2
51,No,Travel_Rarely,1169,Research & Development,7,4,Medical,2,Male,34,2,2,Manufacturing Director,3,Married,13983,2,No,17,3,3,0,10,2,3,1,0,0,0,15.6366,0.9511400651465798,7.0,1.2
58,No,Travel_Rarely,1145,Research & Development,9,3,Medical,2,Female,75,2,1,Research Scientist,2,Married,11873,4,Yes,20,4,2,1,9,3,2,1,0,0,0,8.5323,1.1587878787878787,18.0,1.4
40,No,Travel_Rarely,630,Sales,4,4,Marketing,3,Male,67,2,3,Sales Executive,4,Married,8552,7,No,11,3,1,1,15,2,2,12,11,2,11,27.68025,1.7420959717541324,4.0,1.0
34,No,Travel_Frequently,303,Sales,2,4,Marketing,3,Female,75,3,1,Sales Representative,3,Married,11314,6,No,18,3,4,1,6,3,3,4,3,1,2,5.68905,0.8650639782861573,2.0,1.2
22,No,Travel_Rarely,1256,Research & Development,19,1,Medical,3,Male,80,3,1,Research Scientist,4,Married,11992,1,No,24,4,1,2,2,6,3,2,2,2,2,5.92365,0.8045021645021645,19.0,1.4
27,No,Non-Travel,691,Research & Development,9,3,Medical,4,Male,57,3,1,Research Scientist,2,Divorced,5970,6,No,18,3,4,1,6,1,1,2,2,2,2,5.1612,0.700952380952381,9.0,1.4
28,No,Travel_Rarely,440,Research & Development,21,3,Medical,3,Male,42,3,1,Research Scientist,4,Married,6672,1,No,11,3,3,1,5,2,1,5,2,0,2,6.91815,0.9395670995670995,21.0,1.4
57,No,Travel_Rarely,334,Research & Development,24,2,Life Sciences,3,Male,83,4,3,Healthcare Representative,4,Divorced,23402,3,Yes,16,3,2,1,12,2,1,5,3,1,4,24.06945,1.3858464249008955,48.0,1.2
27,No,Non-Travel,1450,Research & Development,3,3,Medical,3,Male,79,2,1,Research Scientist,3,Divorced,25326,1,Yes,15,3,4,1,1,2,2,1,1,0,1,6.5433,0.8886580086580087,6.0,1.4
50,No,Travel_Rarely,1452,Research & Development,11,3,Life Sciences,3,Female,53,3,5,Manager,2,Single,17053,3,No,15,3,2,0,21,5,3,5,4,4,4,50.8113,1.1415967229081327,11.0,1.8
41,No,Travel_Rarely,465,Research & Development,14,3,Life Sciences,1,Male,56,3,1,Research Scientist,3,Divorced,4609,4,No,12,3,1,1,13,2,3,9,8,1,8,6.25005,0.8488311688311688,14.0,1.4
30,No,Travel_Rarely,1339,Sales,5,3,Life Sciences,2,Female,41,3,3,Sales Executive,4,Married,8053,2,No,12,3,3,1,12,2,3,10,9,7,4,24.01845,1.5116353715294495,5.0,1.0
38,No,Travel_Rarely,702,Sales,1,4,Life Sciences,1,Female,59,2,2,Sales Executive,4,Single,12930,4,No,22,4,3,0,12,2,4,8,3,0,7,22.1493,1.3939977531696357,1.0,1.0
32,No,Travel_Rarely,120,Research & Development,6,5,Life Sciences,3,Male,43,3,1,Research Scientist,3,Single,12430,3,No,20,4,1,0,8,2,3,5,4,1,4,7.7469,1.052121212121212,6.0,1.4
27,No,Travel_Rarely,1157,Research & Development,17,3,Technical Degree,3,Male,51,3,1,Research Scientist,2,Married,13364,0,Yes,16,3,4,1,6,3,2,5,2,1,1,7.7979,1.059047619047619,34.0,1.4
19,Yes,Travel_Frequently,602,Sales,1,1,Technical Degree,3,Female,100,1,1,Sales Representative,1,Single,20989,0,No,21,4,1,0,1,5,4,0,0,0,0,5.92875,0.9015122140364482,1.0,1.2
36,No,Travel_Frequently,1480,Research & Development,3,2,Medical,4,Male,30,3,1,Laboratory Technician,2,Single,15062,4,No,12,3,3,0,13,3,2,8,7,7,2,5.3244,0.7234927234927234,3.0,1.2
30,No,Non-Travel,111,Research & Development,9,3,Medical,3,Male,66,3,2,Laboratory Technician,1,Divorced,11012,1,No,11,3,3,2,12,4,3,12,9,6,10,7.8336,1.0644490644490643,9.0,1.2
45,No,Travel_Rarely,1268,Sales,4,2,Life Sciences,3,Female,30,3,2,Sales Executive,1,Divorced,6319,4,Yes,11,3,1,1,9,3,4,5,4,0,3,12.7653,0.8034023431230941,8.0,1.0
56,No,Travel_Rarely,713,Research & Development,8,3,Life Sciences,3,Female,67,3,1,Research Scientist,1,Divorced,13939,4,Yes,18,3,3,1,19,3,3,2,2,2,2,10.85535,1.4742857142857142,16.0,1.4
33,No,Travel_Rarely,134,Research & Development,2,3,Life Sciences,3,Male,90,3,1,Research Scientist,4,Single,10515,0,No,14,3,1,0,4,2,4,3,1,0,2,6.375,0.8658008658008658,2.0,1.4
19,Yes,Travel_Rarely,303,Research & Development,2,3,Life Sciences,2,Male,47,2,1,Laboratory Technician,4,Single,9241,1,No,22,4,3,0,1,3,2,1,0,1,0,2.8101,0.3818433818433818,2.0,1.2
46,No,Travel_Rarely,526,Sales,1,2,Marketing,2,Female,92,3,3,Sales Executive,1,Divorced,2137,1,No,25,4,3,3,24,2,3,24,13,15,7,26.65515,1.6775798427218744,1.0,1.0
38,No,Travel_Rarely,1380,Research & Development,9,2,Life Sciences,3,Female,75,3,1,Laboratory Technician,4,Single,6319,1,No,12,3,3,0,2,3,3,2,2,2,1,5.8344,0.7927927927927927,9.0,1.2
31,No,Travel_Rarely,140,Research & Development,12,1,Medical,3,Female,95,3,1,Research Scientist,4,Married,6984,8,Yes,23,4,3,1,7,0,3,4,2,0,2,10.01895,1.3606926406926407,24.0,1.4
34,No,Travel_Rarely,629,Research & Development,27,2,Medical,4,Female,95,3,1,Research Scientist,2,Single,5711,2,No,15,3,4,0,9,3,3,3,2,1,2,5.89305,0.8003463203463203,27.0,1.4
41,Yes,Travel_Rarely,1356,Sales,20,2,Marketing,2,Female,70,3,1,Sales Representative,2,Single,21728,1,Yes,22,4,4,0,4,5,2,4,3,0,2,8.007,1.217526172935246,40.0,1.2
50,No,Travel_Rarely,328,Research & Development,1,3,Medical,3,Male,86,2,1,Laboratory Technician,3,Married,3425,2,No,15,3,4,1,5,2,2,3,2,0,2,9.4095,1.2785862785862785,1.0,1.2
53,No,Travel_Rarely,1084,Research & Development,13,2,Medical,4,Female,57,4,2,Manufacturing Director,1,Divorced,26250,1,No,11,3,3,2,5,3,3,4,2,1,3,11.3475,0.6902435241197457,13.0,1.2
33,No,Travel_Rarely,931,Research & Development,14,3,Medical,4,Female,72,3,1,Research Scientist,2,Married,4673,1,No,13,3,4,1,8,5,3,8,7,1,6,7.0278,0.9544588744588745,14.0,1.4
40,No,Travel_Rarely,989,Research & Development,4,1,Medical,4,Female,46,3,5,Manager,3,Married,6499,1,No,14,3,2,1,21,2,3,20,8,9,9,48.53415,1.0904351313414877,4.0,1.8
55,No,Travel_Rarely,692,Research & Development,14,4,Medical,3,Male,61,4,5,Research Director,2,Single,13339,8,No,11,3,4,0,36,3,3,24,15,2,15,47.7411,1.1339794064203514,14.0,1.2
34,No,Travel_Frequently,1069,Research & Development,2,1,Life Sciences,4,Male,45,2,2,Manufacturing Director,3,Married,14074,1,No,17,3,3,0,10,2,2,10,9,1,9,24.34485,1.4808438033193734,2.0,1.2
51,No,Travel_Rarely,313,Research & Development,3,3,Medical,4,Female,98,3,4,Healthcare Representative,2,Single,7192,3,No,18,3,3,0,21,6,3,7,7,1,0,35.0217,2.0164439876670093,3.0,1.2
52,No,Travel_Rarely,699,Research & Development,1,4,Life Sciences,3,Male,65,2,5,Manager,3,Married,5678,0,No,14,3,1,1,34,5,3,33,18,11,9,50.99745,1.1457790254662121,1.0,1.8
27,No,Travel_Rarely,894,Research & Development,9,3,Medical,4,Female,99,3,1,Research Scientist,2,Single,11781,1,No,16,3,4,0,7,2,2,7,7,0,3,5.81145,0.7892640692640692,9.0,1.4
35,Yes,Travel_Rarely,556,Research & Development,23,2,Life Sciences,2,Male,50,2,2,Manufacturing Director,3,Married,15497,3,Yes,13,3,1,0,8,1,3,1,0,0,1,15.0858,0.9176361098185203,46.0,1.2
43,No,Non-Travel,1344,Research & Development,7,3,Medical,4,Male,37,4,1,Research Scientist,4,Divorced,5228,4,No,14,3,4,3,7,3,4,5,4,2,2,5.32695,0.7234632034632035,7.0,1.4
45,No,Non-Travel,1195,Research & Development,2,2,Medical,1,Male,65,2,4,Manager,4,Married,20462,9,No,23,4,4,1,22,1,3,20,8,11,8,42.8196,0.9620441719900312,2.0,1.8
37,No,Travel_Rarely,290,Research & Development,21,3,Life Sciences,2,Male,65,4,1,Research Scientist,1,Married,22977,1,Yes,12,3,1,1,8,3,2,8,7,1,7,9.0882,1.2342857142857144,42.0,1.4
35,No,Travel_Frequently,138,Research & Development,2,3,Medical,2,Female,37,3,2,Laboratory Technician,2,Single,15986,5,No,11,3,4,0,10,5,3,6,2,1,2,11.28375,1.5332640332640333,2.0,1.2
42,No,Non-Travel,926,Research & Development,21,2,Medical,3,Female,36,3,2,Manufacturing Director,3,Divorced,16439,2,No,16,3,2,1,11,5,3,5,3,0,2,13.42575,0.8166589111214518,21.0,1.2
38,No,Travel_Rarely,1261,Research & Development,2,4,Life Sciences,4,Male,88,3,2,Manufacturing Director,3,Married,7259,9,No,14,3,2,0,14,3,3,1,0,0,0,16.71015,1.0164417558554366,2.0,1.2
38,No,Travel_Rarely,1084,Research & Development,29,3,Technical Degree,4,Male,54,3,2,Manufacturing Director,4,Married,4185,3,No,18,3,1,1,9,3,1,7,7,1,7,15.96555,0.9711493718008376,29.0,1.2
27,No,Travel_Frequently,472,Research & Development,1,1,Technical Degree,3,Male,60,2,2,Manufacturing Director,1,Married,9679,5,No,19,3,3,1,6,1,3,2,2,2,0,10.9599,0.6666666666666666,1.0,1.2
49,No,Non-Travel,1002,Research & Development,18,4,Life Sciences,4,Male,92,3,2,Manufacturing Director,4,Divorced,23793,1,Yes,15,3,1,2,7,0,3,7,7,1,7,17.3502,1.0553745928338762,36.0,1.2
34,No,Travel_Frequently,878,Research & Development,10,4,Medical,4,Male,43,3,1,Research Scientist,3,Divorced,5972,1,Yes,17,3,4,1,5,4,4,5,3,2,0,9.72825,1.321212121212121,20.0,1.4
40,No,Travel_Rarely,905,Research & Development,19,2,Medical,3,Male,99,3,2,Laboratory Technician,4,Married,16523,8,Yes,15,3,3,1,15,2,4,7,2,3,7,6.98955,0.9497574497574498,38.0,1.2
38,Yes,Travel_Rarely,1180,Research & Development,29,1,Medical,2,Male,70,3,2,Healthcare Representative,1,Married,11354,7,Yes,19,3,2,0,17,2,3,1,0,0,0,17.01615,0.9797386580531493,58.0,1.2
29,Yes,Travel_Rarely,121,Sales,27,3,Marketing,2,Female,35,3,3,Sales Executive,4,Married,24525,1,No,22,4,4,3,10,3,2,10,4,1,9,19.47945,1.225966939496068,27.0,1.0
22,No,Travel_Rarely,1136,Research & Development,5,3,Life Sciences,4,Male,60,4,1,Research Scientist,2,Divorced,12392,1,Yes,16,3,1,1,4,2,2,4,2,2,2,5.9364,0.8062337662337662,10.0,1.4
36,No,Travel_Frequently,635,Research & Development,18,1,Medical,2,Female,73,3,1,Laboratory Technician,4,Single,7703,1,No,13,3,1,0,8,2,3,8,1,1,7,5.49015,0.7460152460152459,18.0,1.2
40,No,Non-Travel,1151,Research & Development,9,5,Life Sciences,4,Male,63,2,2,Healthcare Representative,4,Married,14242,9,No,14,3,4,1,5,5,1,3,2,0,2,12.4338,0.7159007487887241,9.0,1.2
46,No,Travel_Rarely,644,Research & Development,1,4,Medical,4,Male,97,3,3,Healthcare Representative,1,Divorced,12368,7,No,16,3,3,1,17,3,3,4,2,0,3,23.9598,1.3795331082073117,1.0,1.2
32,Yes,Travel_Rarely,1045,Sales,4,4,Medical,4,Male,32,1,3,Sales Executive,4,Married,25812,1,No,11,3,3,0,14,2,2,14,8,9,8,26.52,1.669073984914139,4.0,1.0
30,No,Non-Travel,829,Research & Development,1,1,Life Sciences,3,Male,88,2,3,Manufacturing Director,3,Single,20925,1,No,22,4,3,0,12,2,3,11,8,5,8,21.6087,1.3144098030091516,1.0,1.2
27,No,Travel_Frequently,1242,Sales,20,3,Life Sciences,4,Female,90,3,2,Sales Executive,3,Single,12916,1,No,14,3,4,0,7,2,3,7,7,0,7,25.45155,1.601829561868079,20.0,1.0
51,No,Travel_Rarely,1469,Research & Development,8,4,Life Sciences,2,Male,81,2,3,Research Director,2,Married,15736,5,No,16,3,4,2,16,5,1,10,9,4,7,31.8495,0.756511205330103,8.0,1.2
30,Yes,Travel_Rarely,1005,Research & Development,3,3,Technical Degree,4,Female,88,3,1,Research Scientist,1,Single,8556,5,Yes,11,3,3,0,8,5,3,5,2,0,4,6.77535,0.9201731601731602,6.0,1.4
41,No,Travel_Rarely,896,Sales,6,3,Life Sciences,4,Female,75,3,3,Manager,4,Single,14674,3,Yes,18,3,3,0,16,3,3,1,0,0,0,34.65705,0.7786530694090349,12.0,1.8
30,Yes,Travel_Frequently,334,Sales,26,4,Marketing,3,Female,52,2,2,Sales Executive,1,Single,22967,5,No,15,3,3,0,9,5,2,6,3,0,1,17.0748,1.0746268656716418,26.0,1.0
29,Yes,Travel_Rarely,992,Research & Development,1,3,Technical Degree,3,Male,85,3,1,Research Scientist,3,Single,19757,0,No,14,3,4,0,7,1,2,6,2,1,5,5.2479,0.7127272727272727,1.0,1.4
45,No,Non-Travel,1052,Sales,6,3,Medical,4,Female,57,2,3,Sales Executive,4,Single,16840,6,No,12,3,4,0,23,2,3,19,7,12,8,22.60575,1.4227250842561385,6.0,1.0
54,No,Travel_Rarely,1147,Sales,3,3,Marketing,4,Female,52,3,2,Sales Executive,1,Married,17011,2,No,14,3,4,1,16,4,3,6,2,0,5,15.147,0.953298025999037,3.0,1.0
36,No,Travel_Rarely,1396,Research & Development,5,2,Life Sciences,4,Male,62,3,2,Laboratory Technician,2,Single,9945,8,No,16,3,4,0,16,3,4,13,11,3,7,15.0807,2.049203049203049,5.0,1.2
33,No,Travel_Rarely,147,Research & Development,4,4,Medical,3,Female,47,2,1,Research Scientist,2,Married,13248,6,No,21,4,4,0,7,3,3,3,2,1,1,6.6861,0.908051948051948,4.0,1.4
37,No,Travel_Frequently,663,Research & Development,11,3,Other,2,Male,47,3,3,Research Director,4,Divorced,10056,1,Yes,14,3,3,3,10,1,3,10,8,0,7,31.07175,0.738037552998183,22.0,1.2
38,No,Travel_Rarely,119,Sales,3,3,Life Sciences,1,Male,76,3,3,Sales Executive,3,Divorced,9647,0,No,12,3,3,2,17,6,2,16,10,5,13,27.05295,1.7026159524955864,3.0,1.0
31,No,Non-Travel,979,Research & Development,1,4,Medical,3,Male,90,1,2,Manufacturing Director,3,Married,4381,0,No,12,3,4,1,6,2,3,5,4,1,4,11.07975,0.6739568791686056,1.0,1.2
59,No,Travel_Rarely,142,Research & Development,3,3,Life Sciences,3,Male,70,2,1,Research Scientist,4,Married,8456,3,No,17,3,1,1,7,6,3,1,0,0,0,5.55135,0.7539393939393939,3.0,1.4
37,No,Travel_Frequently,319,Sales,4,4,Marketing,1,Male,41,3,1,Sales Representative,4,Divorced,2539,4,No,17,3,3,1,13,2,3,9,8,5,8,7.12215,1.0829778984102365,4.0,1.2
29,No,Travel_Frequently,1413,Sales,1,1,Medical,2,Female,42,3,3,Sales Executive,4,Married,6599,1,No,14,3,4,1,11,5,3,11,10,4,1,20.1909,1.270743058899053,1.0,1.0
35,No,Travel_Frequently,944,Sales,1,3,Marketing,3,Female,92,3,3,Sales Executive,3,Single,9096,1,No,14,3,1,0,10,3,4,10,7,0,8,22.41195,1.4105280051356122,1.0,1.0
29,Yes,Travel_Rarely,896,Research & Development,18,1,Medical,3,Male,86,2,1,Research Scientist,4,Single,14961,1,Yes,13,3,3,0,4,3,2,4,3,0,1,6.09195,0.8273593073593073,36.0,1.4
52,No,Travel_Rarely,1323,Research & Development,2,3,Life Sciences,3,Female,89,2,1,Laboratory Technician,4,Single,3300,7,No,15,3,2,0,6,3,2,2,2,2,2,8.1906,1.112959112959113,2.0,1.2
42,No,Travel_Rarely,532,Research & Development,4,2,Technical Degree,3,Male,58,3,5,Manager,4,Married,4933,1,No,11,3,4,0,22,3,3,22,17,11,15,49.0416,1.1018362026984445,4.0,1.8
59,No,Travel_Rarely,818,Human Resources,6,2,Medical,2,Male,52,3,1,Human Resources,3,Married,25657,8,No,17,3,4,0,7,2,2,2,2,2,2,5.78085,0.7329453604914322,6.0,1.2
50,No,Travel_Rarely,854,Sales,1,4,Medical,4,Female,68,3,5,Manager,4,Divorced,24118,3,No,11,3,3,1,32,3,2,7,0,0,6,49.76835,1.1181643702197142,1.0,1.8
33,Yes,Travel_Rarely,813,Research & Development,14,3,Medical,3,Male,58,3,1,Laboratory Technician,4,Married,22149,5,Yes,13,3,3,1,8,2,1,5,4,0,4,6.2118,0.8440748440748441,28.0,1.2
43,No,Travel_Rarely,1034,Sales,16,3,Marketing,4,Female,80,3,4,Manager,4,Married,7744,5,Yes,22,4,3,1,22,3,3,17,13,1,9,40.9632,0.9203357300409637,32.0,1.8
33,Yes,Travel_Rarely,465,Research & Development,2,2,Life Sciences,1,Female,39,3,1,Laboratory Technician,1,Married,21509,7,No,20,4,1,0,13,3,4,9,7,1,7,6.90285,0.9379764379764379,2.0,1.2
52,No,Non-Travel,771,Sales,2,4,Life Sciences,1,Male,79,2,5,Manager,3,Single,21030,1,Yes,18,3,4,0,33,2,4,33,7,15,12,48.6234,1.0924403448967315,4.0,1.8
32,No,Travel_Rarely,1401,Sales,4,2,Life Sciences,3,Female,56,3,1,Sales Representative,2,Married,20990,2,No,11,3,1,1,6,5,3,4,3,1,2,10.02405,1.5242341993020552,4.0,1.2
32,Yes,Travel_Rarely,515,Research & Development,1,3,Life Sciences,4,Male,62,2,1,Laboratory Technician,3,Single,9571,0,Yes,14,3,4,0,4,2,1,3,2,1,2,9.5115,1.2924462924462925,2.0,1.2
39,No,Travel_Rarely,1431,Research & Development,1,4,Medical,3,Female,96,3,1,Laboratory Technician,3,Divorced,15417,7,No,14,3,3,3,7,1,3,3,2,1,2,5.6916,0.7733887733887734,1.0,1.2
32,No,Non-Travel,976,Sales,26,4,Marketing,3,Male,100,3,2,Sales Executive,4,Married,12069,0,No,18,3,1,0,4,2,3,3,2,2,2,11.38575,0.716578398330926,26.0,1.0
41,No,Travel_Rarely,1411,Research & Development,19,2,Life Sciences,3,Male,36,3,2,Research Scientist,1,Divorced,19877,2,No,16,3,1,2,17,2,2,1,0,0,0,7.8336,1.063896103896104,19.0,1.4
40,No,Travel_Rarely,1300,Research & Development,24,2,Technical Degree,1,Male,62,3,2,Research Scientist,4,Divorced,24447,1,No,17,3,1,2,9,3,3,9,8,4,7,8.46345,1.1494372294372295,24.0,1.4
45,No,Travel_Rarely,252,Research & Development,1,3,Other,3,Male,70,4,5,Manager,4,Married,15970,0,No,11,3,3,1,25,2,3,24,0,1,7,48.9651,1.1001174482225213,1.0,1.8
31,No,Travel_Frequently,1327,Research & Development,3,4,Medical,2,Male,73,3,3,Research Director,3,Divorced,13523,9,No,12,3,1,1,9,3,3,2,2,2,2,34.87125,0.8282858873410056,3.0,1.2
33,No,Travel_Rarely,832,Research & Development,5,4,Life Sciences,3,Female,63,2,1,Research Scientist,4,Married,14776,1,No,13,3,3,1,2,2,2,2,2,0,2,7.42305,1.008138528138528,5.0,1.4
34,No,Travel_Rarely,470,Research & Development,2,4,Life Sciences,4,Male,84,2,2,Manufacturing Director,1,Married,23687,6,No,13,3,2,1,13,3,3,11,9,5,9,15.19035,0.9239956568946798,2.0,1.2
37,No,Travel_Rarely,1017,Research & Development,1,2,Medical,3,Female,83,2,1,Research Scientist,1,Married,18697,2,No,14,3,1,1,17,2,2,3,1,0,2,9.996,1.3575757575757577,1.0,1.4
45,No,Travel_Frequently,1199,Research & Development,7,4,Life Sciences,1,Male,77,4,2,Manufacturing Director,3,Married,5118,4,No,17,3,4,1,9,1,3,3,2,0,2,16.4067,0.9979835582441446,7.0,1.2
37,Yes,Travel_Frequently,504,Research & Development,10,3,Medical,1,Male,61,3,3,Manufacturing Director,3,Divorced,22573,6,No,11,3,2,2,17,5,3,1,0,0,0,25.6224,1.5585543663719559,10.0,1.2
39,No,Travel_Frequently,505,Research & Development,2,4,Technical Degree,3,Female,64,3,3,Healthcare Representative,3,Single,6420,0,No,25,4,4,0,20,1,3,19,6,11,8,27.8919,1.6059315812655997,2.0,1.2
29,No,Travel_Rarely,665,Research & Development,15,3,Life Sciences,3,Male,60,3,1,Research Scientist,4,Single,22673,1,No,19,3,1,0,6,1,3,6,5,1,5,5.967,0.8103896103896103,15.0,1.4
42,No,Travel_Rarely,916,Research & Development,17,2,Life Sciences,4,Female,82,4,2,Research Scientist,1,Single,23016,3,Yes,13,3,3,0,10,1,3,3,2,0,2,16.68975,2.2666666666666666,34.0,1.4
29,No,Travel_Rarely,1247,Sales,20,2,Marketing,4,Male,45,3,2,Sales Executive,4,Divorced,10732,2,No,14,3,4,1,10,2,3,3,2,0,2,17.67405,1.1123415182153746,20.0,1.0
25,No,Travel_Rarely,685,Research & Development,1,3,Life Sciences,1,Female,62,3,2,Manufacturing Director,3,Married,7505,0,No,12,3,4,2,5,3,3,4,2,1,2,12.4899,0.75973320924461,1.0,1.2
42,No,Travel_Rarely,269,Research & Development,2,3,Medical,4,Female,56,2,1,Laboratory Technician,1,Divorced,8007,0,Yes,11,3,3,1,10,4,3,9,6,7,8,6.61215,0.8984753984753984,4.0,1.2
40,No,Travel_Rarely,1416,Research & Development,2,2,Medical,1,Male,49,3,5,Research Director,3,Divorced,5949,0,No,19,3,4,1,22,5,3,21,7,3,9,49.5618,1.1772259236826166,2.0,1.2
51,No,Travel_Rarely,833,Research & Development,1,3,Life Sciences,3,Male,96,3,1,Research Scientist,4,Married,23231,1,No,11,3,2,0,1,0,2,1,0,0,0,6.94365,0.943030303030303,1.0,1.4
31,Yes,Travel_Frequently,307,Research & Development,29,2,Medical,3,Male,71,2,1,Laboratory Technician,2,Single,11652,0,No,11,3,2,0,6,2,4,5,4,1,4,8.87145,1.2054747054747053,29.0,1.2
32,No,Travel_Frequently,1311,Research & Development,7,3,Life Sciences,2,Male,100,4,1,Laboratory Technician,2,Married,26062,1,No,20,4,3,0,5,3,1,5,1,0,3,7.1247,0.968121968121968,7.0,1.2
38,No,Non-Travel,1327,Sales,2,2,Life Sciences,4,Male,39,2,2,Sales Executive,4,Married,19682,3,No,18,3,4,1,13,0,3,8,7,7,5,13.38495,0.8424008987321456,2.0,1.0
32,No,Travel_Rarely,128,Research & Development,2,1,Technical Degree,4,Male,84,2,2,Laboratory Technician,1,Single,19737,4,No,13,3,4,0,9,5,3,6,2,0,4,5.5488,0.753984753984754,2.0,1.2
46,No,Travel_Rarely,488,Sales,2,3,Technical Degree,3,Female,75,1,4,Manager,2,Married,14977,3,Yes,12,3,2,1,28,2,2,7,7,7,7,43.0236,0.9666275172591596,4.0,1.8
28,Yes,Travel_Rarely,529,Research & Development,2,4,Life Sciences,1,Male,79,3,1,Laboratory Technician,3,Single,14935,2,No,11,3,3,0,5,5,1,0,0,0,0,8.88675,1.2075537075537075,2.0,1.2
29,No,Travel_Rarely,1210,Sales,2,3,Medical,1,Male,78,2,2,Sales Executive,2,Married,3687,2,No,19,3,2,2,10,2,3,0,0,0,0,16.9422,1.066281495747071,2.0,1.0
31,No,Travel_Rarely,1463,Research & Development,23,3,Medical,2,Male,64,2,2,Healthcare Representative,4,Married,14408,0,No,21,4,2,1,10,2,3,9,0,7,8,14.2341,0.8195565996182645,23.0,1.2
25,No,Non-Travel,675,Research & Development,5,2,Life Sciences,2,Male,85,4,2,Healthcare Representative,1,Divorced,18384,1,No,12,3,4,2,6,2,3,6,3,1,5,10.2,0.5872852738217589,5.0,1.2
45,No,Travel_Rarely,1385,Research & Development,20,2,Medical,3,Male,79,3,4,Healthcare Representative,4,Married,7501,0,Yes,14,3,2,0,21,2,3,20,7,4,10,34.4148,1.9815005138746145,40.0,1.2
36,No,Travel_Rarely,1403,Research & Development,6,3,Life Sciences,4,Male,47,3,1,Laboratory Technician,4,Married,20251,0,No,11,3,3,1,16,4,3,15,13,10,11,8.1855,1.1122661122661122,6.0,1.2
55,No,Travel_Rarely,452,Research & Development,1,3,Medical,4,Male,81,3,5,Manager,1,Single,18938,0,Yes,14,3,3,0,37,2,3,36,10,4,13,48.56475,1.091122633131857,2.0,1.8
47,Yes,Non-Travel,666,Research & Development,29,4,Life Sciences,1,Male,88,3,3,Manager,2,Married,10268,1,Yes,12,3,4,1,10,2,2,10,7,9,9,30.21495,0.6788507261737661,58.0,1.8
28,No,Travel_Rarely,1158,Research & Development,9,3,Medical,4,Male,94,3,1,Research Scientist,4,Married,2613,1,No,23,4,4,1,5,3,2,5,2,0,4,5.2785,0.7168831168831169,9.0,1.4
37,No,Travel_Rarely,228,Sales,6,4,Medical,3,Male,98,3,2,Sales Executive,4,Married,22825,4,No,14,3,2,1,7,5,4,5,4,0,1,16.5801,1.0434922163376665,6.0,1.0
21,No,Travel_Rarely,996,Research & Development,3,2,Medical,4,Male,100,2,1,Research Scientist,3,Single,10531,1,No,17,3,1,0,3,4,4,3,2,1,0,8.2365,1.1186147186147186,3.0,1.4
37,No,Non-Travel,728,Research & Development,1,4,Medical,1,Female,80,3,3,Research Director,4,Divorced,11677,2,Yes,18,3,1,2,15,2,3,5,2,0,2,34.68765,0.8239248940036342,2.0,1.2
35,No,Travel_Rarely,1315,Research & Development,22,3,Life Sciences,2,Female,71,4,3,Manager,2,Divorced,19100,7,No,18,3,2,1,10,6,2,7,7,6,2,30.5898,0.6872726231057894,22.0,1.8
38,No,Travel_Rarely,322,Sales,7,2,Medical,1,Female,44,4,2,Sales Executive,1,Divorced,19191,1,Yes,24,4,3,1,8,3,3,8,0,7,7,14.29275,0.899534585138822,14.0,1.0
26,No,Travel_Frequently,1479,Research & Development,1,3,Life Sciences,3,Female,84,3,2,Manufacturing Director,2,Divorced,26767,1,No,20,4,1,1,6,6,1,6,5,1,4,16.31235,0.9922444547851713,1.0,1.2
50,No,Travel_Rarely,797,Research & Development,4,1,Life Sciences,1,Male,96,3,5,Research Director,2,Divorced,15815,3,No,14,3,1,2,28,4,2,10,4,1,6,48.8172,1.1595396729254999,4.0,1.2
53,No,Travel_Rarely,1070,Research & Development,3,4,Medical,3,Male,45,3,4,Research Director,3,Married,21016,3,Yes,16,3,4,3,21,5,2,5,3,1,3,44.8392,1.0650514839491219,6.0,1.2
42,No,Travel_Rarely,635,Sales,1,1,Life Sciences,2,Male,99,3,2,Sales Executive,3,Married,24532,1,No,25,4,3,0,20,3,3,20,16,11,6,12.51285,0.7875140426897769,1.0,1.0
29,No,Travel_Frequently,442,Sales,2,2,Life Sciences,2,Male,44,3,2,Sales Executive,4,Single,20260,1,No,18,3,1,0,10,3,2,10,7,0,9,11.6127,0.730861819932595,2.0,1.0
55,No,Travel_Rarely,147,Research & Development,20,2,Technical Degree,2,Male,37,3,2,Laboratory Technician,4,Married,15972,3,Yes,19,3,4,1,12,4,3,10,7,0,8,13.80825,1.876299376299376,40.0,1.2
26,No,Travel_Frequently,496,Research & Development,11,2,Medical,1,Male,60,3,2,Healthcare Representative,1,Married,22722,1,Yes,13,3,3,1,5,3,3,5,3,3,3,12.08955,0.6960798707972397,22.0,1.2
37,No,Travel_Rarely,1372,Research & Development,1,3,Life Sciences,4,Female,42,3,1,Research Scientist,4,Single,15881,1,No,12,3,2,0,17,3,3,17,12,5,7,5.39325,0.7324675324675325,1.0,1.4
44,Yes,Travel_Frequently,920,Research & Development,24,3,Life Sciences,4,Male,43,3,1,Laboratory Technician,3,Divorced,19920,3,Yes,22,4,4,1,19,0,1,1,0,0,0,8.06055,1.0952875952875951,48.0,1.2
38,No,Travel_Rarely,688,Research & Development,23,4,Life Sciences,4,Male,82,3,2,Healthcare Representative,4,Divorced,18899,9,No,14,3,2,1,10,2,3,2,2,1,2,14.64975,0.8434884745265012,23.0,1.2
26,Yes,Travel_Rarely,1449,Research & Development,16,4,Medical,1,Male,45,3,1,Laboratory Technician,2,Divorced,14180,2,Yes,13,3,4,1,5,2,3,3,2,0,2,6.05115,0.8222453222453222,32.0,1.2
28,No,Travel_Rarely,1117,Research & Development,8,2,Life Sciences,4,Female,66,3,1,Research Scientist,4,Single,4488,1,No,21,4,4,0,5,3,3,5,3,0,2,8.4405,1.1463203463203464,8.0,1.4
49,No,Travel_Frequently,636,Research & Development,10,4,Life Sciences,3,Female,35,3,5,Research Director,1,Single,25594,9,Yes,11,3,4,0,22,4,3,3,2,1,2,47.59575,1.1305269533615991,20.0,1.2
36,No,Travel_Rarely,506,Research & Development,3,3,Technical Degree,3,Male,30,3,2,Research Scientist,2,Single,26285,4,No,12,3,4,0,10,2,3,8,0,7,7,11.43675,1.5532467532467533,3.0,1.4
31,No,Travel_Frequently,444,Sales,5,3,Marketing,4,Female,84,3,1,Sales Representative,2,Divorced,3909,1,No,11,3,3,1,2,5,2,2,2,2,2,7.11195,1.081426909654905,5.0,1.2
26,Yes,Travel_Rarely,950,Sales,4,4,Marketing,4,Male,48,2,2,Sales Executive,4,Single,8450,1,Yes,12,3,2,0,8,0,3,8,7,7,4,14.8614,0.9353233830845771,8.0,1.0
37,No,Travel_Frequently,889,Research & Development,9,3,Medical,2,Male,53,3,1,Research Scientist,4,Married,11411,1,Yes,12,3,3,3,4,3,2,4,2,1,2,5.9313,0.8055411255411256,18.0,1.4
42,No,Travel_Frequently,555,Sales,26,3,Marketing,3,Female,77,3,4,Sales Executive,2,Married,14864,5,No,14,3,4,1,23,2,4,20,4,4,8,34.48875,2.170598619804205,26.0,1.0
18,Yes,Travel_Rarely,230,Research & Development,3,3,Life Sciences,3,Male,54,3,1,Laboratory Technician,3,Single,25233,1,No,13,3,3,0,0,2,3,0,0,0,0,3.621,0.49203049203049204,3.0,1.2
35,No,Travel_Rarely,1232,Sales,16,3,Marketing,3,Male,96,3,3,Sales Executive,2,Married,5100,0,No,15,3,3,2,12,3,2,11,9,6,9,20.451,1.287112822981865,16.0,1.0
36,No,Travel_Frequently,566,Research & Development,18,4,Life Sciences,3,Male,81,4,1,Laboratory Technician,4,Married,7122,4,No,18,3,4,2,4,2,3,1,0,0,0,9.4044,1.277893277893278,18.0,1.2
51,No,Travel_Rarely,1302,Research & Development,2,3,Medical,4,Male,84,1,2,Manufacturing Director,2,Divorced,16321,5,No,18,3,4,1,13,3,3,4,1,1,2,13.9791,0.850317977353808,2.0,1.2
41,No,Travel_Rarely,334,Sales,2,4,Life Sciences,4,Male,88,3,4,Manager,2,Single,15896,1,No,19,3,2,0,22,2,3,22,10,0,4,40.83825,0.9175284310636226,2.0,1.8
18,No,Travel_Rarely,812,Sales,10,3,Medical,4,Female,69,2,1,Sales Representative,3,Single,9724,1,No,12,3,1,0,0,2,3,0,0,0,0,3.06,0.46529662659945714,10.0,1.2
28,No,Travel_Rarely,1476,Research & Development,16,2,Medical,2,Male,68,4,2,Healthcare Representative,1,Single,4824,0,No,19,3,3,0,9,2,3,8,3,0,7,14.43555,0.8311554837762443,16.0,1.2
31,No,Travel_Rarely,218,Sales,7,3,Technical Degree,2,Male,100,4,2,Sales Executive,4,Married,12241,4,No,11,3,2,1,10,3,2,8,7,7,7,17.66895,1.112020542449045,7.0,1.0
39,No,Travel_Rarely,1132,Research & Development,1,3,Medical,3,Male,48,4,3,Healthcare Representative,4,Divorced,10942,0,No,17,3,1,3,19,5,2,18,10,3,7,24.51315,1.411393334312142,1.0,1.2
36,No,Non-Travel,1105,Research & Development,24,4,Life Sciences,2,Female,47,3,2,Laboratory Technician,2,Married,6927,7,No,15,3,3,1,11,3,3,9,8,0,8,14.4687,1.966042966042966,24.0,1.2
32,No,Travel_Rarely,906,Sales,7,3,Life Sciences,4,Male,91,2,2,Sales Executive,3,Married,16985,1,No,14,3,3,1,13,3,2,13,8,4,8,13.9842,0.8801155512758786,7.0,1.0
38,No,Travel_Rarely,849,Research & Development,25,2,Life Sciences,1,Female,81,2,3,Research Director,2,Married,26707,3,No,17,3,3,1,19,2,3,10,8,0,1,30.75555,0.7305269533615991,25.0,1.2
58,No,Non-Travel,390,Research & Development,1,4,Life Sciences,4,Male,32,1,2,Healthcare Representative,3,Divorced,17056,2,Yes,13,3,4,1,12,2,3,5,3,1,2,14.433,0.8310086624577888,2.0,1.2
31,No,Travel_Rarely,691,Research & Development,5,4,Technical Degree,3,Male,86,3,1,Research Scientist,4,Married,10077,0,Yes,12,3,3,1,6,4,3,5,2,0,3,12.29355,1.6696103896103895,10.0,1.4
31,No,Travel_Rarely,106,Human Resources,2,3,Human Resources,1,Male,62,2,2,Human Resources,1,Married,17822,3,No,12,3,4,0,9,1,3,2,2,1,0,16.3455,2.072421597154866,2.0,1.2
45,No,Travel_Frequently,1249,Research & Development,7,3,Life Sciences,1,Male,97,3,3,Laboratory Technician,1,Divorced,20308,1,No,18,3,1,1,24,2,3,24,9,9,11,13.2855,1.8052668052668053,7.0,1.2
31,No,Travel_Rarely,192,Research & Development,2,4,Life Sciences,3,Male,32,3,1,Research Scientist,4,Divorced,7747,0,Yes,18,3,2,1,3,2,1,2,2,2,2,6.87225,0.9333333333333333,4.0,1.4
33,No,Travel_Frequently,553,Research & Development,5,4,Life Sciences,4,Female,74,3,3,Manager,2,Married,23364,6,No,11,3,2,2,12,2,3,10,6,8,8,30.2889,0.6805121888338251,5.0,1.8
39,No,Travel_Rarely,117,Research & Development,10,1,Medical,3,Male,99,3,4,Manager,1,Married,5355,1,Yes,14,3,4,0,21,3,3,21,9,11,10,43.5234,0.977856713168524,20.0,1.8
43,No,Travel_Frequently,185,Research & Development,10,4,Life Sciences,3,Female,33,3,1,Laboratory Technician,4,Single,10675,0,No,19,3,1,0,9,5,3,8,7,1,7,6.26025,0.8506583506583506,10.0,1.2
49,No,Travel_Rarely,1091,Research & Development,1,2,Technical Degree,3,Female,90,2,4,Healthcare Representative,3,Single,17810,7,Yes,12,3,4,0,25,2,3,7,1,0,7,35.6082,2.05021289091176,2.0,1.2
52,Yes,Travel_Rarely,723,Research & Development,8,4,Medical,3,Male,85,2,2,Research Scientist,2,Married,17747,2,No,15,3,1,0,11,3,2,8,2,7,7,12.59955,1.7111688311688313,8.0,1.4
27,No,Travel_Rarely,1220,Research & Development,5,3,Life Sciences,3,Female,85,3,1,Research Scientist,2,Single,20938,1,Yes,12,3,2,0,4,2,2,4,3,1,2,6.3189,0.8581818181818182,10.0,1.4
32,No,Travel_Rarely,588,Sales,8,2,Technical Degree,3,Female,65,2,2,Sales Executive,2,Married,24624,1,Yes,11,3,4,0,13,2,3,13,12,11,9,13.3314,0.8390306531856845,16.0,1.0
27,No,Travel_Rarely,1377,Sales,2,3,Life Sciences,4,Male,74,3,2,Sales Executive,3,Single,5242,1,Yes,11,3,1,0,5,3,3,5,4,0,4,11.4189,0.7186647408120687,4.0,1.0
31,No,Travel_Rarely,691,Sales,7,3,Marketing,4,Male,73,3,2,Sales Executive,4,Divorced,7143,4,No,12,3,4,3,13,3,3,7,7,1,7,19.24485,1.2112020542449045,7.0,1.0
32,No,Travel_Rarely,1018,Research & Development,2,4,Medical,1,Female,74,4,2,Research Scientist,4,Single,10557,7,No,16,3,3,0,10,0,2,7,7,0,7,12.89025,1.7506493506493506,2.0,1.4
28,Yes,Travel_Rarely,1157,Research & Development,2,4,Medical,1,Male,84,1,1,Research Scientist,4,Married,24737,5,Yes,13,3,4,0,5,4,2,3,2,2,2,8.8332,1.1996536796536796,4.0,1.4
30,No,Travel_Rarely,1275,Research & Development,28,2,Medical,4,Female,64,3,2,Research Scientist,4,Married,11934,1,No,13,3,4,2,11,2,3,10,8,1,9,14.72625,2.0,28.0,1.4
31,No,Travel_Frequently,798,Research & Development,7,2,Life Sciences,3,Female,48,2,3,Manufacturing Director,3,Married,14034,1,No,24,4,1,1,10,2,3,10,9,8,9,22.80465,1.3871568171242439,7.0,1.2
39,No,Travel_Frequently,672,Research & Development,7,2,Medical,3,Male,54,2,5,Manager,4,Married,21141,1,No,15,3,1,1,21,2,3,21,9,13,3,49.1436,1.1041278753330086,7.0,1.8
39,Yes,Travel_Rarely,1162,Sales,3,2,Medical,4,Female,41,3,2,Sales Executive,3,Married,17778,4,Yes,18,3,1,0,12,3,2,1,0,0,0,13.3569,0.8406355320173327,6.0,1.0
33,No,Travel_Frequently,508,Sales,10,3,Marketing,2,Male,46,2,2,Sales Executive,4,Single,4317,3,No,14,3,3,0,9,6,2,7,7,0,1,11.9391,0.7514042689776921,10.0,1.0
47,No,Travel_Rarely,1482,Research & Development,5,5,Life Sciences,4,Male,42,3,5,Research Director,3,Married,16375,4,No,11,3,2,1,21,2,3,3,2,1,1,46.665,1.108419139915203,5.0,1.2
43,No,Travel_Frequently,559,Research & Development,10,4,Life Sciences,3,Female,82,2,2,Laboratory Technician,3,Divorced,6227,1,No,11,3,2,1,9,3,4,9,7,0,0,13.40535,1.8215523215523215,10.0,1.2
27,No,Non-Travel,210,Sales,1,1,Marketing,3,Male,73,3,2,Sales Executive,2,Married,22107,0,Yes,13,3,4,1,6,0,3,5,4,1,4,16.18995,1.0189375702134489,2.0,1.0
54,No,Travel_Frequently,928,Research & Development,20,4,Life Sciences,4,Female,31,3,2,Research Scientist,3,Single,16885,3,No,12,3,4,0,20,4,2,4,3,0,3,12.41595,1.6862337662337663,20.0,1.4
43,No,Travel_Rarely,1001,Research & Development,7,3,Life Sciences,3,Female,43,3,3,Healthcare Representative,1,Married,9262,8,No,16,3,1,1,10,1,2,1,0,0,0,25.46175,1.4660108647775656,7.0,1.2
45,No,Travel_Rarely,549,Research & Development,8,4,Other,4,Male,75,3,2,Research Scientist,4,Married,9278,9,No,14,3,1,2,12,3,3,10,9,9,8,9.42735,1.2803463203463203,8.0,1.4
40,No,Travel_Rarely,1124,Sales,1,2,Medical,2,Male,57,1,2,Sales Executive,4,Married,13273,2,Yes,22,4,3,3,6,2,2,4,3,0,2,19.01535,1.1967581447600706,2.0,1.0
29,Yes,Travel_Rarely,318,Research & Development,8,4,Other,2,Male,77,1,1,Laboratory Technician,1,Married,4759,1,Yes,11,3,4,0,7,4,2,7,7,0,7,5.40345,0.7342342342342343,16.0,1.2
29,No,Travel_Rarely,738,Research & Development,9,5,Other,2,Male,30,2,1,Laboratory Technician,4,Single,7621,0,No,17,3,3,0,4,2,3,3,2,2,2,10.15665,1.3801108801108801,9.0,1.2
30,No,Travel_Rarely,570,Sales,5,3,Marketing,4,Female,30,2,2,Sales Executive,3,Divorced,5431,1,No,13,3,3,3,10,2,3,10,9,1,2,15.6009,0.9818648692023751,5.0,1.0
27,No,Travel_Rarely,1130,Sales,8,4,Marketing,2,Female,56,3,2,Sales Executive,2,Married,3415,1,No,18,3,1,1,8,3,3,8,7,0,7,15.8457,0.9972717059861981,8.0,1.0
37,No,Travel_Rarely,1192,Research & Development,5,2,Medical,4,Male,61,3,2,Manufacturing Director,4,Divorced,23177,7,No,16,3,3,2,8,2,2,6,2,0,4,16.18485,0.9844889095703429,5.0,1.2
38,No,Travel_Rarely,343,Research & Development,15,2,Life Sciences,3,Male,92,2,3,Research Director,4,Divorced,15682,0,Yes,14,3,2,1,12,3,3,11,10,2,9,29.3505,0.6971532404603271,30.0,1.2
31,No,Travel_Rarely,1232,Research & Development,7,4,Medical,3,Female,39,3,3,Manufacturing Director,4,Single,25713,1,Yes,14,3,3,0,11,2,2,11,9,4,10,18.21465,1.107957189390414,14.0,1.2
29,No,Travel_Rarely,144,Sales,10,1,Marketing,4,Female,39,2,2,Sales Executive,2,Divorced,11866,1,Yes,14,3,1,2,7,2,3,7,7,1,7,21.0834,1.3269138180067406,20.0,1.0
35,No,Travel_Rarely,1296,Research & Development,5,4,Technical Degree,3,Male,62,3,3,Manufacturing Director,2,Single,18264,0,No,13,3,4,0,17,5,3,16,6,0,13,20.64225,1.2556227702807508,5.0,1.2
23,No,Travel_Rarely,1309,Research & Development,26,1,Life Sciences,3,Male,83,3,1,Research Scientist,4,Divorced,16092,1,No,12,3,3,2,4,2,2,4,2,0,2,7.4052,1.0057142857142856,26.0,1.4
41,No,Travel_Rarely,483,Research & Development,6,3,Medical,4,Male,95,2,2,Manufacturing Director,2,Single,10110,6,Yes,15,3,4,0,8,3,3,5,4,1,2,15.3816,0.9356289747169226,12.0,1.2
47,No,Travel_Frequently,1309,Sales,4,1,Medical,2,Male,99,3,2,Sales Representative,3,Single,25751,3,No,19,3,1,0,5,3,3,0,0,0,0,7.5888,1.1539356339666538,4.0,1.2
42,No,Travel_Rarely,810,Research & Development,23,5,Life Sciences,1,Female,44,3,4,Research Director,4,Single,15901,2,No,14,3,2,0,16,2,3,1,0,0,0,40.7796,0.96862507571169,23.0,1.2
29,No,Non-Travel,746,Sales,2,3,Life Sciences,4,Male,61,3,2,Sales Executive,3,Married,16928,1,No,14,3,1,1,4,3,2,4,3,0,2,11.85495,0.746108168833253,2.0,1.0
42,No,Travel_Rarely,544,Human Resources,2,1,Technical Degree,3,Male,52,3,1,Human Resources,3,Divorced,24017,0,Yes,11,3,3,1,4,5,3,3,2,1,0,6.8748,0.8716456514710637,4.0,1.2
32,No,Travel_Rarely,1062,Research & Development,2,3,Medical,3,Female,75,3,1,Laboratory Technician,2,Married,3956,1,No,13,3,3,1,8,4,3,8,0,0,7,6.0435,0.8212058212058212,2.0,1.2
48,No,Travel_Rarely,530,Sales,29,1,Medical,1,Female,91,3,3,Manager,3,Married,23978,3,No,21,4,2,1,15,3,1,0,0,0,0,31.8852,0.7163768655647541,29.0,1.8
37,No,Travel_Rarely,1319,Research & Development,6,3,Medical,3,Male,51,4,2,Research Scientist,1,Divorced,17001,4,Yes,13,3,1,2,13,2,3,7,7,6,7,15.2337,2.068917748917749,12.0,1.4
30,No,Non-Travel,641,Sales,25,2,Technical Degree,4,Female,85,3,2,Sales Executive,3,Married,6069,7,Yes,12,3,2,1,4,2,4,2,2,2,2,12.0768,0.7600706146685925,50.0,1.0
26,No,Travel_Rarely,933,Sales,1,3,Life Sciences,3,Male,57,3,2,Sales Executive,3,Married,20156,1,No,17,3,2,1,8,3,3,8,7,7,7,13.5048,0.8499438292408922,1.0,1.0
42,No,Travel_Rarely,1332,Research & Development,2,4,Other,1,Male,98,2,2,Healthcare Representative,4,Single,17078,3,No,23,4,2,0,14,6,3,1,0,0,0,17.29155,0.9955953604463369,2.0,1.2
21,Yes,Travel_Frequently,756,Sales,1,1,Technical Degree,1,Female,99,2,1,Sales Representative,2,Single,9150,1,Yes,11,3,3,0,3,3,3,3,2,1,2,5.5437,0.8429623885226832,2.0,1.2
36,No,Non-Travel,845,Sales,1,5,Medical,4,Female,45,3,2,Sales Executive,4,Single,15276,4,No,15,3,2,0,7,6,3,1,0,0,0,16.96515,1.0677258866955546,1.0,1.0
36,No,Travel_Frequently,541,Sales,3,4,Medical,1,Male,48,2,3,Sales Executive,4,Married,7246,4,No,11,3,1,1,16,2,3,13,9,1,12,24.73245,1.5565719788155994,3.0,1.0
57,No,Travel_Rarely,593,Research & Development,1,4,Medical,4,Male,88,3,2,Healthcare Representative,3,Married,2967,2,No,11,3,3,0,15,2,3,3,2,1,2,17.22525,0.9917780061664954,1.0,1.2
40,No,Travel_Rarely,1171,Research & Development,10,4,Life Sciences,4,Female,46,4,1,Laboratory Technician,3,Married,22495,3,Yes,13,3,3,1,10,3,3,7,7,1,7,5.64315,0.7668052668052668,20.0,1.2
21,No,Non-Travel,895,Sales,9,2,Medical,1,Male,39,3,1,Sales Representative,4,Single,2851,1,No,24,4,3,0,3,3,2,3,2,2,2,6.6555,1.0120201628538192,9.0,1.2
33,Yes,Travel_Rarely,350,Sales,5,3,Marketing,4,Female,34,3,1,Sales Representative,3,Single,9150,1,Yes,13,3,2,0,1,2,3,1,0,0,0,7.27005,1.1054672353625437,10.0,1.2
37,No,Travel_Rarely,921,Research & Development,10,3,Medical,3,Female,98,3,1,Laboratory Technician,1,Married,17663,6,No,20,4,2,1,17,3,3,5,4,0,3,8.8026,1.1961191961191961,10.0,1.2
46,No,Non-Travel,1144,Research & Development,7,4,Medical,3,Female,30,3,2,Manufacturing Director,3,Married,16044,2,No,14,3,3,0,7,2,4,1,0,0,0,13.4079,0.8155731347913758,7.0,1.2
41,Yes,Travel_Frequently,143,Sales,4,3,Marketing,1,Male,56,3,2,Sales Executive,2,Single,9558,1,No,18,3,3,0,8,5,3,8,7,7,7,23.85525,1.501364147006901,4.0,1.0
50,No,Travel_Rarely,1046,Research & Development,10,3,Technical Degree,4,Male,100,2,3,Healthcare Representative,4,Single,2755,6,No,15,3,4,0,20,2,3,4,3,1,3,26.7648,1.5410365585082955,10.0,1.2
40,Yes,Travel_Rarely,575,Sales,22,2,Marketing,3,Male,68,2,2,Sales Executive,3,Married,6110,2,Yes,12,3,1,2,8,6,3,6,4,1,0,16.269,1.0239126945915582,44.0,1.0
31,No,Travel_Rarely,408,Research & Development,9,4,Life Sciences,3,Male,42,2,1,Research Scientist,2,Single,7551,0,Yes,16,3,4,0,3,5,3,2,2,2,2,6.77535,0.9201731601731602,18.0,1.4
21,Yes,Travel_Rarely,156,Sales,12,3,Life Sciences,3,Female,90,4,1,Sales Representative,2,Single,25422,1,No,15,3,4,0,1,0,3,1,0,0,0,6.9258,1.0531213648701045,12.0,1.2
29,No,Travel_Rarely,1283,Research & Development,23,3,Life Sciences,4,Male,54,3,1,Research Scientist,4,Single,18168,9,No,16,3,4,0,6,4,3,3,2,1,2,5.61255,0.7622510822510822,23.0,1.4
35,No,Travel_Rarely,755,Research & Development,9,4,Life Sciences,3,Male,97,2,2,Healthcare Representative,2,Single,19394,9,No,19,3,3,0,10,5,3,1,1,0,0,16.677,0.9602114226985758,9.0,1.2
27,No,Travel_Rarely,1469,Research & Development,1,2,Medical,4,Male,82,3,1,Laboratory Technician,2,Divorced,17881,1,No,11,3,2,1,5,2,3,5,2,0,4,9.7308,1.3222453222453223,1.0,1.2
28,No,Travel_Rarely,304,Sales,9,4,Life Sciences,2,Male,92,3,2,Sales Executive,4,Single,20750,1,No,16,3,4,0,7,1,3,7,5,0,7,13.39515,0.8430428502648049,9.0,1.0
49,No,Travel_Rarely,1261,Research & Development,7,3,Other,2,Male,31,2,3,Healthcare Representative,3,Single,12066,8,No,24,4,3,0,26,2,3,5,2,0,0,27.96075,1.6098957568638967,7.0,1.2
51,No,Travel_Rarely,1178,Sales,14,2,Life Sciences,3,Female,87,3,2,Sales Executive,4,Married,14862,4,No,11,3,3,1,18,2,2,7,7,0,7,12.5868,0.7921681913015567,14.0,1.0
36,No,Travel_Rarely,329,Research & Development,2,3,Life Sciences,4,Female,96,3,1,Research Scientist,3,Married,11868,4,No,13,3,2,1,6,3,3,2,2,2,2,6.48465,0.8806926406926407,2.0,1.4
34,Yes,Non-Travel,1362,Sales,19,3,Marketing,1,Male,67,4,2,Sales Executive,4,Single,4652,8,Yes,13,3,2,0,9,3,2,5,2,0,4,13.5252,0.8512277323062108,38.0,1.0
55,No,Travel_Rarely,1311,Research & Development,2,3,Life Sciences,3,Female,97,3,4,Manager,4,Single,23258,2,Yes,13,3,3,0,30,2,3,5,4,1,2,42.48045,0.9544243604801054,4.0,1.8
24,No,Travel_Rarely,1371,Sales,10,4,Marketing,4,Female,77,3,2,Sales Executive,3,Divorced,5915,1,Yes,12,3,4,1,5,2,4,5,2,0,3,10.863,0.6836783822821376,20.0,1.0
30,No,Travel_Rarely,202,Sales,2,1,Technical Degree,3,Male,72,3,1,Sales Representative,2,Married,17434,1,No,18,3,1,1,1,3,3,1,0,0,0,6.3138,0.9600620395502132,2.0,1.2
26,Yes,Travel_Frequently,575,Research & Development,3,1,Technical Degree,3,Male,73,3,1,Research Scientist,1,Single,6582,0,No,22,4,3,0,7,2,3,6,4,0,4,7.9101,1.0742857142857143,3.0,1.4
22,No,Travel_Rarely,253,Research & Development,11,3,Medical,1,Female,43,3,1,Research Scientist,2,Married,24440,1,No,13,3,4,1,2,1,3,2,1,1,2,5.7222,0.7771428571428571,11.0,1.4
36,No,Travel_Rarely,164,Sales,2,2,Medical,2,Male,61,2,3,Sales Executive,3,Married,3809,1,No,13,3,2,2,10,2,3,10,9,9,0,19.3698,1.2190659605199807,2.0,1.0
30,Yes,Travel_Frequently,464,Research & Development,4,3,Technical Degree,3,Male,40,3,1,Research Scientist,4,Single,3427,9,Yes,23,4,3,0,3,4,3,1,0,0,0,5.82675,0.7913419913419912,8.0,1.4
37,No,Travel_Rarely,1107,Research & Development,14,3,Life Sciences,4,Female,95,3,1,Laboratory Technician,1,Divorced,26914,1,No,12,3,3,1,18,2,2,18,7,12,17,7.7367,1.0512820512820513,14.0,1.2
40,No,Travel_Rarely,759,Sales,2,2,Marketing,4,Female,46,3,2,Sales Executive,2,Divorced,22553,7,No,12,3,3,2,8,5,3,5,4,1,3,14.57325,0.9171882522869522,2.0,1.0
42,No,Travel_Rarely,201,Research & Development,1,4,Life Sciences,2,Female,95,3,1,Laboratory Technician,1,Divorced,20490,3,No,16,3,2,1,8,5,3,5,2,1,2,6.5688,0.8925848925848926,1.0,1.2
37,No,Travel_Rarely,1305,Research & Development,10,4,Life Sciences,3,Male,49,3,2,Manufacturing Director,2,Single,21123,2,Yes,12,3,4,0,18,2,2,1,0,0,1,10.70235,0.6510004653327128,20.0,1.2
43,No,Travel_Rarely,982,Research & Development,12,3,Life Sciences,1,Male,59,2,4,Research Director,2,Divorced,4345,1,No,11,3,3,1,25,3,3,25,10,3,9,36.5568,0.8683222289521504,12.0,1.2
40,No,Travel_Rarely,555,Research & Development,2,3,Medical,2,Female,78,2,2,Laboratory Technician,3,Married,13436,6,No,22,4,2,1,20,3,3,1,0,0,0,8.7924,1.1947331947331947,2.0,1.2
54,No,Travel_Rarely,821,Research & Development,5,2,Medical,1,Male,86,3,5,Research Director,1,Married,8509,4,No,11,3,3,1,24,4,2,4,2,1,2,49.4853,1.1754088431253786,5.0,1.2
34,No,Non-Travel,1381,Sales,4,4,Marketing,3,Female,72,3,2,Sales Executive,3,Married,12740,9,No,15,3,1,1,6,3,3,3,2,1,2,16.6719,1.0492697801316,4.0,1.0
31,No,Travel_Rarely,480,Research & Development,7,2,Medical,2,Female,31,3,2,Manufacturing Director,1,Married,4156,1,No,12,3,2,1,13,5,1,13,10,3,12,10.9803,0.6679075539010393,7.0,1.2
43,No,Travel_Frequently,313,Research & Development,21,3,Medical,4,Male,61,3,1,Laboratory Technician,4,Married,15238,7,No,20,4,1,1,8,1,3,3,2,1,2,5.7579,0.7823977823977825,21.0,1.2
43,No,Travel_Rarely,1473,Research & Development,8,4,Other,3,Female,74,3,2,Healthcare Representative,3,Divorced,2227,4,Yes,14,3,4,0,8,3,3,5,2,0,2,11.5311,0.6639260020554985,16.0,1.2
25,No,Travel_Rarely,891,Sales,4,2,Life Sciences,2,Female,99,2,2,Sales Executive,4,Single,12090,1,Yes,11,3,2,0,5,3,3,5,4,1,3,11.44185,0.720109131760552,8.0,1.0
37,No,Non-Travel,1063,Research & Development,25,5,Medical,2,Female,72,3,2,Research Scientist,3,Married,23866,3,Yes,15,3,1,2,15,2,3,13,11,10,7,11.34495,1.5407792207792208,50.0,1.4
31,No,Travel_Rarely,329,Research & Development,1,2,Life Sciences,4,Male,98,2,1,Laboratory Technician,1,Married,16193,1,No,12,3,3,1,4,3,3,4,2,3,2,5.6559,0.7685377685377686,1.0,1.2
39,No,Travel_Frequently,1218,Research & Development,1,1,Life Sciences,2,Male,52,3,5,Manager,3,Divorced,8213,1,Yes,14,3,3,1,21,3,3,21,8,1,6,48.95235,1.099830989143201,2.0,1.8
56,No,Travel_Frequently,906,Sales,6,3,Life Sciences,3,Female,86,4,4,Sales Executive,1,Married,18256,9,No,11,3,4,3,36,0,2,7,7,7,7,33.6906,2.120365912373616,6.0,1.0
30,No,Travel_Rarely,1082,Sales,12,3,Technical Degree,2,Female,83,3,2,Sales Executive,3,Single,19558,0,No,11,3,2,0,6,6,3,5,4,4,4,16.77135,1.0555288075750282,12.0,1.0
41,No,Travel_Rarely,645,Sales,1,3,Marketing,2,Male,49,4,3,Sales Executive,1,Married,19566,1,No,16,3,3,1,10,2,3,10,7,0,7,21.3996,1.3468143155191783,1.0,1.0
28,No,Travel_Rarely,1300,Research & Development,17,2,Medical,3,Male,79,3,2,Laboratory Technician,1,Divorced,13535,1,No,12,3,4,1,10,2,3,10,0,1,8,11.6229,1.5793485793485793,17.0,1.2
25,Yes,Travel_Rarely,688,Research & Development,3,3,Medical,1,Male,91,3,1,Laboratory Technician,1,Married,9396,5,No,13,3,3,1,6,5,3,2,2,0,2,10.27905,1.3967428967428968,3.0,1.2
52,No,Travel_Rarely,319,Research & Development,3,3,Medical,4,Male,39,2,3,Manufacturing Director,3,Married,19609,2,Yes,14,3,3,0,28,4,3,5,4,0,4,20.32095,1.2360787963393827,6.0,1.2
45,No,Travel_Rarely,192,Research & Development,10,2,Life Sciences,1,Male,69,3,1,Research Scientist,4,Married,9655,3,No,21,4,4,2,8,3,2,2,2,0,2,6.7677,0.919134199134199,10.0,1.4
52,No,Travel_Rarely,1490,Research & Development,4,2,Life Sciences,4,Female,30,3,4,Manager,4,Married,10310,2,No,13,3,4,0,31,2,1,5,2,1,4,42.21525,0.9484660116302386,4.0,1.8
42,No,Travel_Frequently,532,Research & Development,29,2,Life Sciences,1,Female,92,3,2,Research Scientist,3,Divorced,12932,2,No,11,3,2,1,19,3,3,5,4,0,2,11.6178,1.5778354978354978,29.0,1.4
30,No,Travel_Rarely,317,Research & Development,2,3,Life Sciences,3,Female,43,1,2,Manufacturing Director,4,Single,24793,2,No,20,4,3,0,11,2,3,5,4,0,2,15.53205,0.9447805180704204,2.0,1.2
60,No,Travel_Rarely,422,Research & Development,7,3,Life Sciences,1,Female,41,3,5,Manager,1,Married,3854,5,No,11,3,4,0,33,5,1,29,8,11,10,49.8933,1.1209716691970553,7.0,1.8
46,No,Travel_Rarely,1485,Research & Development,18,3,Medical,3,Female,87,3,2,Manufacturing Director,3,Divorced,26314,2,No,14,3,3,1,19,5,2,10,7,0,8,12.2655,0.7460834496665115,18.0,1.2
42,No,Travel_Frequently,1368,Research & Development,28,4,Technical Degree,4,Female,88,2,2,Healthcare Representative,4,Married,4386,0,No,11,3,4,3,7,4,4,6,5,0,4,11.53365,0.6640728233739539,28.0,1.2
24,Yes,Travel_Rarely,1448,Sales,1,1,Technical Degree,1,Female,62,3,1,Sales Representative,2,Single,21972,1,Yes,16,3,2,0,6,4,3,5,3,1,4,8.1651,1.241566498642885,2.0,1.2
34,Yes,Travel_Frequently,296,Sales,6,2,Marketing,4,Female,33,1,1,Sales Representative,3,Divorced,12253,0,No,16,3,4,1,3,3,2,2,2,1,0,5.99505,0.9115936409461031,6.0,1.2
38,No,Travel_Frequently,1490,Research & Development,2,2,Life Sciences,4,Male,42,3,1,Laboratory Technician,4,Married,12106,1,Yes,23,4,3,1,1,3,3,1,0,0,0,4.3401,0.5897435897435896,4.0,1.2
40,No,Travel_Rarely,1398,Sales,2,4,Life Sciences,3,Female,79,3,5,Manager,3,Married,13022,0,No,14,3,4,0,21,2,3,20,15,1,12,46.00455,1.033601650004297,2.0,1.8
26,No,Travel_Rarely,1349,Research & Development,23,3,Life Sciences,1,Female,90,3,1,Research Scientist,4,Divorced,3032,1,No,22,4,2,2,3,3,1,3,2,0,2,7.3593,0.9994805194805195,23.0,1.4
30,No,Non-Travel,1400,Research & Development,3,3,Life Sciences,3,Male,53,3,1,Laboratory Technician,4,Married,16734,4,No,15,3,3,1,9,3,1,5,3,1,4,5.34735,0.7266112266112266,3.0,1.2
29,No,Travel_Rarely,986,Research & Development,3,4,Medical,2,Male,93,2,3,Research Director,3,Married,21526,1,No,18,3,3,0,10,2,3,10,2,0,7,30.43425,0.7228952150211992,3.0,1.2
29,Yes,Travel_Rarely,408,Research & Development,25,5,Technical Degree,3,Female,71,2,1,Research Scientist,2,Married,18300,5,No,16,3,2,0,6,2,4,2,2,1,1,6.4923,0.8817316017316017,25.0,1.4
19,Yes,Travel_Rarely,489,Human Resources,2,2,Technical Degree,1,Male,52,2,1,Human Resources,4,Single,18437,1,No,12,3,3,0,1,3,4,1,0,0,0,6.5382,0.8289686388619463,2.0,1.2
30,No,Non-Travel,1398,Sales,22,4,Other,3,Female,69,3,3,Sales Executive,1,Married,2890,0,No,11,3,3,0,10,3,3,9,8,7,8,21.4506,1.3500240731824746,22.0,1.0
57,No,Travel_Rarely,210,Sales,29,3,Marketing,1,Male,56,2,4,Manager,4,Divorced,22102,3,No,12,3,3,1,32,3,2,1,0,0,0,36.0009,0.8088458563694176,29.0,1.8
50,No,Travel_Rarely,1099,Research & Development,29,4,Life Sciences,2,Male,88,2,4,Manager,3,Married,9314,0,No,15,3,2,1,28,2,3,27,10,15,7,43.4673,0.9765962932195137,29.0,1.8
30,No,Non-Travel,1116,Research & Development,2,3,Medical,3,Female,49,3,1,Laboratory Technician,4,Single,7181,0,No,14,3,3,0,12,2,2,11,7,6,7,6.5382,0.8884268884268883,2.0,1.2
60,No,Travel_Frequently,1499,Sales,28,3,Marketing,3,Female,80,2,3,Sales Executive,1,Married,2845,4,No,19,3,4,0,22,5,4,18,13,13,11,26.1783,1.647568608570053,28.0,1.0
47,No,Travel_Rarely,983,Research & Development,2,2,Medical,1,Female,65,3,2,Manufacturing Director,4,Divorced,7389,5,No,13,3,3,3,20,2,3,5,0,0,4,12.9285,0.7864122847836202,2.0,1.2
46,No,Travel_Rarely,1009,Research & Development,2,3,Life Sciences,1,Male,51,3,4,Research Director,3,Married,2288,6,No,13,3,3,0,26,2,1,3,2,0,1,45.54555,1.0818291944276197,2.0,1.2
35,No,Travel_Rarely,144,Research & Development,22,3,Life Sciences,4,Male,46,1,1,Laboratory Technician,3,Single,19225,0,No,15,3,3,0,6,2,3,5,4,4,3,10.7865,1.4656964656964657,22.0,1.2
54,No,Travel_Rarely,548,Research & Development,8,4,Life Sciences,3,Female,42,3,2,Laboratory Technician,3,Single,23428,7,No,11,3,3,0,19,3,3,1,0,0,0,9.639,1.3097713097713097,8.0,1.2
34,No,Travel_Rarely,1303,Research & Development,2,4,Life Sciences,4,Male,62,2,1,Research Scientist,3,Divorced,8416,3,No,12,3,3,1,14,3,3,7,3,5,7,7.0584,0.9586147186147186,2.0,1.4
46,No,Travel_Rarely,1125,Sales,10,3,Marketing,3,Female,94,2,3,Sales Executive,4,Married,11563,2,Yes,19,3,3,1,15,3,3,3,2,1,2,23.13105,1.4557855881880917,20.0,1.0
31,No,Travel_Rarely,1274,Research & Development,9,1,Life Sciences,3,Male,33,3,3,Manufacturing Director,2,Divorced,14394,1,No,25,4,4,1,13,6,4,13,8,0,8,27.1524,1.6516209089498992,9.0,1.2
33,Yes,Travel_Rarely,1277,Research & Development,15,1,Medical,2,Male,56,3,3,Manager,3,Married,24619,7,Yes,12,3,4,0,15,2,4,7,6,7,7,34.7055,0.7797416139104529,30.0,1.8
33,Yes,Travel_Rarely,587,Research & Development,10,1,Medical,1,Male,38,1,1,Laboratory Technician,4,Divorced,6705,7,No,13,3,1,3,8,2,3,4,3,1,3,8.6904,1.180873180873181,10.0,1.2
30,No,Travel_Rarely,413,Sales,7,1,Marketing,4,Male,57,3,1,Sales Representative,2,Single,18398,0,No,14,3,1,0,4,3,3,3,2,1,2,7.60665,1.156649864288484,7.0,1.2
35,No,Travel_Rarely,1276,Research & Development,16,3,Life Sciences,4,Male,72,3,3,Healthcare Representative,3,Married,14295,4,Yes,12,3,3,0,10,2,3,8,7,0,0,19.4616,1.120540302451916,32.0,1.2
31,Yes,Travel_Frequently,534,Research & Development,20,3,Life Sciences,1,Male,66,3,3,Healthcare Representative,3,Married,22908,3,No,12,3,1,0,12,2,3,1,0,0,0,25.0512,1.44237263250624,20.0,1.2
34,Yes,Travel_Frequently,988,Human Resources,23,3,Human Resources,2,Female,43,3,3,Human Resources,1,Divorced,11533,9,Yes,15,3,3,3,11,2,3,3,2,0,2,25.3725,3.2169414807630132,46.0,1.2
42,No,Travel_Frequently,1474,Research & Development,5,2,Other,2,Male,97,3,1,Laboratory Technician,3,Married,9260,4,No,17,3,4,1,8,4,3,2,2,2,0,5.33715,0.7252252252252253,5.0,1.2
36,No,Non-Travel,635,Sales,10,4,Medical,2,Male,32,3,3,Sales Executive,4,Single,15318,1,No,14,3,4,0,10,3,2,10,3,9,7,25.449,1.6016690739849142,10.0,1.0
22,Yes,Travel_Frequently,1368,Research & Development,4,1,Technical Degree,3,Male,99,2,1,Laboratory Technician,3,Single,9129,5,No,16,3,3,0,4,3,3,2,2,1,2,9.9297,1.3492723492723493,4.0,1.2
48,No,Travel_Rarely,163,Sales,2,5,Marketing,2,Female,37,3,2,Sales Executive,4,Married,19658,2,No,14,3,1,1,14,2,3,9,7,6,7,10.33005,0.6501364147006901,2.0,1.0
55,No,Travel_Rarely,1117,Sales,18,5,Life Sciences,1,Female,83,3,4,Manager,2,Single,9873,3,No,23,4,4,0,37,2,3,10,9,7,7,42.92925,0.9645077200721878,18.0,1.8
41,No,Non-Travel,267,Sales,10,2,Life Sciences,4,Male,56,3,2,Sales Executive,4,Single,13430,7,No,14,3,4,0,16,3,3,14,3,1,10,15.8865,0.9998395121168351,10.0,1.0
35,No,Travel_Rarely,619,Sales,1,3,Marketing,2,Male,85,3,2,Sales Executive,3,Married,18659,9,No,11,3,3,0,15,2,3,11,9,6,9,12.02835,0.7570213448884608,1.0,1.0
40,No,Travel_Rarely,302,Research & Development,6,3,Life Sciences,2,Female,75,3,4,Manufacturing Director,3,Single,20364,7,No,15,3,3,0,22,3,3,20,6,5,13,33.75435,2.0532030401737242,6.0,1.2
39,No,Travel_Frequently,443,Research & Development,8,1,Life Sciences,3,Female,48,3,1,Laboratory Technician,3,Married,17872,1,No,11,3,1,1,8,3,3,8,3,0,7,9.57525,1.3011088011088012,8.0,1.2
31,No,Travel_Rarely,828,Sales,2,1,Life Sciences,2,Male,77,3,2,Sales Executive,4,Single,8346,4,Yes,13,3,3,0,10,2,4,6,5,0,5,16.7841,1.0563312469908521,4.0,1.0
42,No,Travel_Rarely,319,Research & Development,24,3,Medical,4,Male,56,3,3,Manufacturing Director,1,Married,6950,1,Yes,21,4,4,1,10,5,2,10,9,5,8,18.8853,1.1487513572204127,48.0,1.2
45,No,Travel_Rarely,561,Sales,2,3,Other,4,Male,61,3,2,Sales Executive,2,Married,16177,0,No,19,3,2,1,9,3,4,8,7,3,7,12.25275,0.7711442786069652,2.0,1.0
26,Yes,Travel_Frequently,426,Human Resources,17,4,Life Sciences,2,Female,58,3,1,Human Resources,3,Divorced,22808,0,Yes,11,3,2,1,8,2,2,7,7,1,0,6.98955,0.8861946330423537,34.0,1.2
29,No,Travel_Rarely,232,Research & Development,19,3,Technical Degree,4,Male,34,3,2,Manufacturing Director,4,Divorced,22645,4,No,12,3,2,2,8,2,4,3,2,1,2,10.8681,0.6610826741119901,19.0,1.2
33,No,Travel_Rarely,922,Research & Development,1,5,Medical,1,Female,95,4,4,Research Director,3,Divorced,22578,4,No,19,3,3,1,10,2,3,6,1,0,5,41.2692,0.9802543912780134,1.0,1.2
31,No,Travel_Rarely,688,Sales,7,3,Life Sciences,3,Male,44,2,3,Manager,4,Divorced,25291,9,No,21,4,3,1,10,3,2,5,4,0,1,29.47035,0.6621215159414477,7.0,1.8
18,Yes,Travel_Frequently,1306,Sales,5,3,Marketing,2,Male,69,3,1,Sales Representative,2,Single,8059,1,Yes,14,3,4,0,0,3,3,0,0,0,0,4.7889,0.7281892206281504,10.0,1.2
40,No,Non-Travel,1094,Sales,28,3,Other,3,Male,58,1,3,Sales Executive,1,Divorced,11373,3,No,15,3,3,1,20,2,3,1,0,0,1,27.8766,1.7544535387578237,28.0,1.0
41,No,Non-Travel,509,Research & Development,2,4,Other,1,Female,62,2,2,Healthcare Representative,3,Single,2112,2,Yes,17,3,1,0,10,3,3,8,7,0,7,17.36805,1.0,4.0,1.2
26,No,Travel_Rarely,775,Sales,29,2,Medical,1,Male,45,3,2,Sales Executive,3,Divorced,4267,5,No,12,3,1,2,8,5,3,0,0,0,0,10.9803,0.6910608249077194,29.0,1.0
35,No,Travel_Rarely,195,Sales,1,3,Medical,1,Female,80,3,2,Sales Executive,3,Single,6698,1,No,16,3,4,0,5,3,3,5,4,0,3,12.39045,0.7798106242978654,1.0,1.0
34,No,Travel_Rarely,258,Sales,21,4,Life Sciences,4,Male,74,4,2,Sales Executive,4,Single,19921,1,No,12,3,4,0,10,3,3,10,7,5,7,13.60935,0.8565238324506499,21.0,1.0
26,Yes,Travel_Rarely,471,Research & Development,24,3,Technical Degree,3,Male,66,1,1,Laboratory Technician,4,Single,23213,1,Yes,18,3,2,0,1,3,1,1,0,0,0,5.967,0.8108108108108107,48.0,1.2
37,No,Travel_Rarely,799,Research & Development,1,3,Technical Degree,2,Female,59,3,3,Manufacturing Director,4,Single,23848,4,No,17,3,4,0,12,3,4,6,5,1,2,19.10205,1.161935784085621,1.0,1.2
46,No,Travel_Frequently,1034,Research & Development,18,1,Medical,1,Female,86,3,3,Healthcare Representative,3,Married,8984,5,No,11,3,4,0,28,3,2,2,2,1,2,26.84385,1.545588019380414,18.0,1.2
41,No,Travel_Rarely,1276,Sales,2,5,Life Sciences,2,Female,91,3,4,Manager,1,Married,5626,7,No,16,3,2,1,22,2,3,18,16,11,8,42.31725,0.9507576842648028,2.0,1.8
37,No,Non-Travel,142,Sales,9,4,Medical,1,Male,69,3,3,Sales Executive,2,Divorced,24666,1,No,13,3,4,1,9,6,3,9,5,7,7,22.5267,1.4177499598780292,9.0,1.0
52,No,Travel_Rarely,956,Research & Development,6,2,Technical Degree,4,Male,78,3,2,Research Scientist,1,Divorced,22087,3,Yes,12,3,2,2,18,3,3,10,9,6,9,14.22135,1.9314285714285713,12.0,1.4
32,Yes,Non-Travel,1474,Sales,11,4,Other,4,Male,60,4,2,Sales Executive,3,Married,23914,8,No,12,3,4,0,6,2,3,4,2,1,2,12.00285,0.7554164660568127,11.0,1.0
24,No,Travel_Frequently,535,Sales,24,3,Medical,4,Male,38,3,1,Sales Representative,4,Married,5530,0,No,13,3,3,2,3,3,3,2,2,2,1,6.12,0.9305932531989143,24.0,1.2
38,No,Travel_Rarely,1495,Research & Development,10,3,Medical,3,Female,76,3,2,Healthcare Representative,3,Married,22174,3,No,19,3,3,1,18,4,3,1,0,0,0,25.0512,1.44237263250624,10.0,1.2
37,No,Travel_Rarely,446,Research & Development,1,4,Life Sciences,2,Female,65,3,2,Manufacturing Director,2,Married,15701,6,No,12,3,2,1,8,2,2,6,5,4,3,16.43985,1.0,1.0,1.2
49,No,Travel_Rarely,1245,Research & Development,18,4,Life Sciences,4,Male,58,2,5,Research Director,3,Divorced,2125,1,Yes,17,3,3,1,31,5,3,31,9,0,9,49.7301,1.1812235009085403,36.0,1.2
24,No,Travel_Rarely,691,Research & Development,23,3,Medical,2,Male,89,4,1,Research Scientist,4,Married,21630,1,Yes,11,3,2,2,6,3,3,6,5,1,4,6.94875,0.9437229437229437,46.0,1.4
26,No,Travel_Rarely,703,Sales,28,2,Marketing,1,Male,66,3,2,Sales Executive,2,Married,7428,1,No,20,4,4,2,6,5,4,5,3,1,4,15.9936,1.0065800032097576,28.0,1.0
24,No,Travel_Rarely,823,Research & Development,17,2,Other,4,Male,94,2,1,Laboratory Technician,2,Married,9100,1,No,21,4,4,1,1,2,3,1,0,0,0,5.42385,0.737006237006237,17.0,1.2
50,No,Travel_Frequently,1246,Human Resources,3,3,Medical,1,Male,99,3,5,Manager,2,Married,7999,1,No,11,3,3,1,32,2,3,32,5,10,7,46.41,1.0427110487266893,3.0,1.8
25,No,Travel_Rarely,622,Sales,13,1,Medical,2,Male,40,3,1,Sales Representative,3,Married,26376,1,No,11,3,3,0,7,1,3,7,4,0,6,5.3448,0.8127181077937184,13.0,1.2
24,Yes,Travel_Frequently,1287,Research & Development,7,3,Life Sciences,1,Female,55,3,1,Laboratory Technician,3,Married,14168,1,Yes,16,3,4,1,6,4,3,6,3,1,2,7.3593,1.0,14.0,1.2
30,Yes,Travel_Frequently,448,Sales,12,4,Life Sciences,2,Male,74,2,1,Sales Representative,1,Married,14470,1,No,18,3,3,1,1,2,4,1,0,0,0,5.18415,0.7882900348972469,12.0,1.2
34,No,Travel_Rarely,254,Research & Development,1,2,Life Sciences,2,Male,83,2,1,Research Scientist,4,Married,22794,1,Yes,13,3,4,1,6,3,3,6,5,1,3,9.2361,1.2543722943722944,2.0,1.4
31,Yes,Travel_Rarely,1365,Sales,13,4,Medical,2,Male,46,3,2,Sales Executive,1,Divorced,11512,2,No,17,3,3,0,9,2,1,3,1,1,2,10.79415,0.6793452094366875,13.0,1.0
35,No,Travel_Rarely,538,Research & Development,25,2,Other,1,Male,54,2,2,Laboratory Technician,4,Single,14004,4,No,14,3,4,0,9,3,3,3,2,0,2,9.38655,1.2754677754677755,25.0,1.2
31,No,Travel_Rarely,525,Sales,6,4,Medical,1,Male,66,4,2,Sales Executive,4,Divorced,6219,4,No,22,4,4,2,13,4,4,7,7,5,7,13.923,0.8762638420799229,6.0,1.0
27,No,Travel_Rarely,798,Research & Development,6,4,Medical,1,Female,66,2,1,Research Scientist,3,Divorced,5013,0,No,12,3,3,2,6,5,2,5,3,0,3,5.57685,0.7574025974025974,6.0,1.4
37,No,Travel_Rarely,558,Sales,2,3,Marketing,4,Male,75,3,2,Sales Executive,3,Married,3010,4,Yes,11,3,3,1,17,3,2,3,0,1,0,24.4851,1.5410046541486115,4.0,1.0
20,No,Travel_Rarely,959,Research & Development,1,3,Life Sciences,4,Female,83,2,1,Research Scientist,2,Single,11757,1,No,13,3,4,0,1,0,4,1,0,0,0,7.2318,0.9821645021645021,1.0,1.4
42,No,Travel_Rarely,622,Research & Development,2,4,Life Sciences,3,Female,81,3,2,Healthcare Representative,4,Married,5718,1,No,13,3,2,2,10,4,3,10,2,2,2,10.42695,0.6003523711642931,2.0,1.2
43,No,Travel_Rarely,782,Research & Development,6,4,Other,2,Male,50,2,4,Research Director,4,Divorced,2671,4,Yes,14,3,3,1,21,3,2,1,0,0,0,42.39885,1.0070866141732284,12.0,1.2
38,No,Travel_Rarely,362,Research & Development,1,1,Life Sciences,3,Female,43,3,1,Research Scientist,1,Single,14561,3,No,17,3,4,0,8,3,2,0,0,0,0,6.67845,0.9070129870129869,1.0,1.4
43,No,Travel_Frequently,1001,Research & Development,9,5,Medical,4,Male,72,3,2,Laboratory Technician,3,Divorced,19627,3,Yes,13,3,2,1,10,3,3,8,7,4,7,14.48145,1.9677754677754677,18.0,1.2
48,No,Travel_Rarely,1236,Research & Development,1,4,Life Sciences,4,Female,40,2,4,Manager,1,Married,17997,7,No,11,3,1,1,21,3,1,3,2,0,2,39.2751,0.882408547938927,1.0,1.8
44,No,Travel_Rarely,1112,Human Resources,1,4,Life Sciences,1,Female,50,2,2,Human Resources,3,Single,26894,4,No,11,3,2,0,10,1,4,2,2,0,2,15.26175,1.935014548981571,1.0,1.2
34,No,Travel_Rarely,204,Sales,14,3,Technical Degree,3,Female,31,3,1,Sales Representative,3,Divorced,2912,1,Yes,18,3,4,2,8,3,3,8,2,0,6,6.57645,1.0,28.0,1.2
27,Yes,Travel_Rarely,1420,Sales,2,1,Marketing,3,Male,85,3,1,Sales Representative,1,Divorced,16346,0,No,11,3,2,1,5,3,3,4,3,0,2,7.75455,1.1791392012407909,2.0,1.2
21,No,Travel_Rarely,1343,Sales,22,1,Technical Degree,3,Male,49,3,1,Sales Representative,3,Single,24444,1,No,11,3,3,0,3,2,3,3,2,1,2,8.78985,1.3365645599069405,22.0,1.2
44,No,Travel_Rarely,1315,Research & Development,3,4,Other,4,Male,35,3,5,Manager,4,Married,9358,4,Yes,12,3,1,1,26,2,4,2,2,0,1,49.75815,1.1179352029562577,6.0,1.8
22,No,Travel_Rarely,604,Research & Development,6,1,Medical,1,Male,69,3,1,Research Scientist,3,Married,12145,0,No,20,4,4,0,3,3,3,2,2,2,2,7.07115,0.9603463203463204,6.0,1.4
33,No,Travel_Rarely,1216,Sales,8,4,Marketing,3,Male,39,3,2,Sales Executive,3,Divorced,20431,0,No,12,3,4,0,6,3,3,5,0,1,2,18.1152,1.1401059220028888,8.0,1.0
32,No,Travel_Rarely,646,Research & Development,9,4,Life Sciences,1,Female,92,3,2,Research Scientist,4,Married,18089,1,Yes,12,3,4,1,6,2,2,6,4,0,5,16.1211,2.189437229437229,18.0,1.4
30,No,Travel_Frequently,160,Research & Development,3,3,Medical,3,Female,71,3,1,Research Scientist,3,Divorced,22653,1,No,20,4,3,1,1,2,3,1,0,0,0,5.31165,0.7213852813852814,3.0,1.4
53,No,Travel_Rarely,238,Sales,1,1,Medical,4,Female,34,3,2,Sales Executive,1,Single,7507,7,No,20,4,4,0,18,2,4,14,7,8,10,21.37155,1.345048948804365,1.0,1.0
34,No,Travel_Rarely,1397,Research & Development,1,5,Life Sciences,2,Male,42,3,1,Research Scientist,4,Married,7660,1,No,12,3,4,1,10,4,2,10,9,8,8,6.86205,0.931948051948052,1.0,1.4
45,Yes,Travel_Frequently,306,Sales,26,4,Life Sciences,1,Female,100,3,2,Sales Executive,1,Married,5630,2,No,14,3,4,2,5,4,3,1,1,0,0,10.9293,0.687851067244423,26.0,1.0
26,No,Travel_Rarely,991,Research & Development,6,3,Life Sciences,3,Female,71,3,1,Laboratory Technician,4,Married,17759,1,Yes,13,3,3,1,3,2,3,3,2,0,2,6.78045,0.9213444213444213,12.0,1.2
37,No,Travel_Rarely,482,Research & Development,3,3,Other,3,Male,36,3,3,Manufacturing Director,3,Married,9606,1,No,15,3,3,1,10,2,3,10,7,7,8,24.0567,1.4633162711338608,3.0,1.2
29,No,Travel_Rarely,1176,Sales,3,2,Medical,2,Female,62,3,2,Sales Executive,3,Married,3487,1,No,14,3,1,1,6,5,2,6,0,1,2,14.18055,0.8924731182795699,3.0,1.0
35,No,Travel_Rarely,1017,Research & Development,6,4,Life Sciences,2,Male,82,1,2,Research Scientist,4,Single,19368,1,No,13,3,2,0,17,3,3,17,11,11,8,16.9473,2.3016450216450215,6.0,1.4
33,No,Travel_Frequently,1296,Research & Development,6,3,Life Sciences,3,Male,30,3,2,Healthcare Representative,4,Divorced,5335,3,No,23,4,3,1,15,2,1,13,11,4,7,19.69875,1.134194685068272,6.0,1.2
54,No,Travel_Rarely,397,Human Resources,19,4,Medical,3,Male,88,3,3,Human Resources,2,Married,6729,2,No,15,3,3,1,16,1,4,9,7,7,1,27.34875,3.4675072744907856,19.0,1.2
36,No,Travel_Rarely,913,Research & Development,9,2,Medical,2,Male,48,2,2,Manufacturing Director,2,Divorced,13934,2,Yes,11,3,3,1,13,2,3,3,2,0,2,22.55985,1.372266170311773,18.0,1.2
27,No,Travel_Rarely,1115,Research & Development,3,4,Medical,1,Male,54,2,1,Research Scientist,4,Single,15174,0,No,13,3,4,0,5,0,3,4,2,1,1,5.21475,0.7082251082251083,3.0,1.4
20,Yes,Travel_Rarely,1362,Research & Development,10,1,Medical,4,Male,32,3,1,Research Scientist,3,Single,26999,1,Yes,11,3,4,0,1,5,3,1,0,1,1,2.57295,0.34943722943722944,20.0,1.4
33,Yes,Travel_Frequently,1076,Research & Development,3,3,Life Sciences,1,Male,70,3,1,Research Scientist,1,Single,3164,1,Yes,11,3,1,0,10,3,3,10,8,9,7,8.5374,1.1594805194805193,6.0,1.4
35,No,Non-Travel,727,Research & Development,3,3,Life Sciences,3,Male,41,2,1,Laboratory Technician,3,Married,16900,1,No,18,3,3,2,1,3,3,1,0,0,0,3.26655,0.44386694386694386,3.0,1.2
23,No,Travel_Rarely,885,Research & Development,4,3,Medical,1,Male,58,4,1,Research Scientist,1,Married,8544,2,No,16,3,1,1,5,3,4,3,2,0,2,7.18845,0.9762770562770562,4.0,1.4
25,No,Travel_Rarely,810,Sales,8,3,Life Sciences,4,Male,57,4,2,Sales Executive,2,Married,15678,0,No,22,4,3,1,4,4,3,3,2,1,2,12.37005,0.778526721232547,8.0,1.0
38,No,Travel_Rarely,243,Sales,7,4,Marketing,4,Female,46,2,2,Sales Executive,4,Single,7791,0,No,20,4,1,0,8,2,3,7,7,0,5,10.2714,0.6464451933878992,7.0,1.0
29,No,Travel_Frequently,806,Research & Development,1,4,Life Sciences,2,Male,76,1,1,Research Scientist,4,Divorced,18959,1,No,18,3,4,1,10,5,3,10,7,2,8,6.936,0.9419913419913419,1.0,1.4
48,No,Travel_Rarely,817,Sales,2,1,Marketing,2,Male,56,4,2,Sales Executive,2,Married,18597,3,No,12,3,4,0,12,3,3,2,2,2,2,20.706,1.3031616112983468,2.0,1.0
27,No,Travel_Frequently,1410,Sales,3,1,Medical,4,Female,71,4,2,Sales Executive,4,Divorced,16673,1,Yes,20,4,2,2,6,3,3,6,5,0,4,11.84985,0.7457871930669234,6.0,1.0
37,No,Travel_Rarely,1225,Research & Development,10,2,Life Sciences,4,Male,80,4,1,Research Scientist,4,Single,15232,3,No,17,3,1,0,4,2,3,1,0,0,0,11.934,1.6207792207792207,10.0,1.4
50,No,Travel_Rarely,1207,Research & Development,28,1,Medical,4,Male,74,4,1,Laboratory Technician,3,Married,3297,1,Yes,11,3,3,3,20,3,3,20,8,3,8,8.21355,1.116077616077616,56.0,1.2
34,No,Travel_Rarely,1442,Research & Development,9,3,Medical,4,Female,46,2,3,Healthcare Representative,2,Single,17654,1,No,14,3,2,0,9,3,4,8,7,7,7,21.98355,1.265746586404346,9.0,1.2
24,Yes,Travel_Rarely,693,Sales,3,2,Life Sciences,1,Female,65,3,2,Sales Executive,3,Single,24785,9,No,14,3,1,0,4,3,3,2,2,2,0,11.67135,0.7345530412453859,3.0,1.0
39,No,Travel_Rarely,408,Research & Development,2,4,Technical Degree,4,Female,80,2,2,Healthcare Representative,3,Single,20978,1,No,11,3,1,0,20,4,3,20,7,11,10,11.61015,0.6684774629276171,2.0,1.2
32,No,Travel_Rarely,929,Sales,10,3,Marketing,4,Male,55,3,2,Sales Executive,4,Single,21703,1,No,12,3,4,0,10,2,2,10,7,0,8,13.7598,0.8659926175573743,10.0,1.0
50,Yes,Travel_Frequently,562,Sales,8,2,Technical Degree,2,Male,50,3,2,Sales Executive,3,Married,23452,3,Yes,14,3,1,1,18,4,3,4,3,1,3,17.3298,1.0906756539881237,16.0,1.0
38,No,Travel_Rarely,827,Research & Development,1,4,Life Sciences,2,Female,33,4,2,Healthcare Representative,4,Single,19383,0,No,13,3,3,0,10,4,2,9,7,1,8,19.44375,1.119512553222728,1.0,1.2
27,No,Travel_Rarely,608,Research & Development,1,2,Life Sciences,3,Female,68,3,3,Manufacturing Director,1,Married,6009,1,No,11,3,4,0,9,3,3,9,7,0,7,18.9006,1.1496820226461921,1.0,1.2
32,No,Travel_Rarely,1018,Research & Development,3,2,Life Sciences,3,Female,39,3,3,Research Director,4,Single,19373,3,No,15,3,4,0,10,6,3,7,7,7,7,28.45545,0.6758933979406421,3.0,1.2
47,No,Travel_Rarely,703,Sales,14,4,Marketing,4,Male,42,3,2,Sales Executive,1,Single,11825,2,No,12,3,4,0,20,2,3,7,7,1,7,12.648,0.7960199004975124,14.0,1.0
40,No,Travel_Frequently,580,Sales,5,4,Life Sciences,4,Male,48,2,3,Sales Executive,1,Married,23772,5,Yes,21,4,3,1,20,2,3,18,13,1,12,26.71125,1.6811105761515004,10.0,1.0
53,No,Travel_Rarely,970,Research & Development,7,3,Life Sciences,3,Male,59,4,4,Research Director,3,Married,13514,3,No,19,3,3,0,32,3,3,5,1,1,3,37.7757,0.897274379164143,7.0,1.2
41,No,Travel_Rarely,427,Human Resources,10,4,Human Resources,2,Male,73,2,5,Manager,4,Divorced,8861,3,No,15,3,2,3,23,2,2,21,6,12,6,48.80955,1.096622647454811,10.0,1.8
60,No,Travel_Rarely,1179,Sales,16,4,Marketing,1,Male,84,3,2,Sales Executive,1,Single,11924,8,No,14,3,4,0,10,1,3,2,2,2,2,13.78275,0.8674370085058578,16.0,1.0
27,No,Travel_Frequently,294,Research & Development,10,2,Life Sciences,4,Male,32,3,3,Manufacturing Director,1,Divorced,4809,1,No,21,4,3,2,9,4,2,9,7,1,7,22.42215,1.363890181479758,10.0,1.2
41,No,Travel_Rarely,314,Human Resources,1,3,Human Resources,4,Male,59,2,5,Manager,3,Married,19562,1,No,12,3,2,1,22,3,3,22,7,2,10,48.93195,1.099372654616288,1.0,1.8
50,No,Travel_Rarely,316,Sales,8,4,Marketing,4,Male,54,3,1,Sales Representative,2,Married,9983,7,No,15,3,4,1,4,2,3,2,2,2,2,9.88125,1.5025203567274137,8.0,1.2
28,Yes,Travel_Rarely,654,Research & Development,1,2,Life Sciences,1,Female,67,1,1,Research Scientist,2,Single,3872,7,Yes,13,3,4,0,10,4,3,7,7,3,7,5.6508,0.7674458874458875,2.0,1.4
36,No,Non-Travel,427,Research & Development,8,3,Life Sciences,1,Female,63,4,3,Research Director,1,Married,20335,9,No,14,3,1,1,10,2,3,8,7,0,5,29.86815,0.7094488188976379,8.0,1.2
38,No,Travel_Rarely,168,Research & Development,1,3,Life Sciences,3,Female,81,3,3,Manufacturing Director,3,Single,15397,4,Yes,14,3,4,0,10,4,4,1,0,0,0,20.04555,1.2193268186753528,2.0,1.2
44,No,Non-Travel,381,Research & Development,24,3,Medical,1,Male,49,1,1,Laboratory Technician,3,Single,2104,2,No,14,3,3,0,9,5,3,5,2,1,4,9.4554,1.2848232848232848,24.0,1.2
47,No,Travel_Frequently,217,Sales,3,3,Medical,4,Female,49,3,4,Sales Executive,3,Divorced,10225,9,Yes,12,3,4,2,28,2,2,22,2,11,13,35.1135,2.209918151179586,6.0,1.0
30,No,Travel_Rarely,501,Sales,27,5,Marketing,3,Male,99,3,2,Sales Executive,4,Divorced,25275,7,No,23,4,4,1,10,2,2,8,7,7,7,13.5252,0.8512277323062108,27.0,1.0
29,No,Travel_Rarely,1396,Sales,10,3,Life Sciences,3,Male,99,3,1,Sales Representative,3,Single,2755,1,No,11,3,3,0,1,6,3,1,0,0,0,6.7371,1.0244280728964714,10.0,1.2
42,Yes,Travel_Frequently,933,Research & Development,19,3,Medical,3,Male,57,4,1,Research Scientist,3,Divorced,20366,6,Yes,12,3,4,0,7,2,3,2,2,2,2,7.03545,0.9554978354978355,38.0,1.4
43,No,Travel_Frequently,775,Sales,15,3,Life Sciences,4,Male,47,2,2,Sales Executive,4,Married,23683,3,No,18,3,3,1,7,5,3,2,2,2,2,17.3502,1.0919595570534424,15.0,1.0
34,No,Travel_Rarely,970,Research & Development,8,2,Medical,2,Female,96,3,2,Healthcare Representative,3,Single,7360,3,No,11,3,4,0,10,2,3,5,1,4,3,15.6621,0.9017765379533108,8.0,1.2
23,No,Travel_Rarely,650,Research & Development,9,1,Medical,2,Male,37,3,1,Laboratory Technician,1,Married,4344,1,No,14,3,4,1,5,2,4,4,3,0,2,6.375,0.8662508662508662,9.0,1.2
39,No,Travel_Rarely,141,Human Resources,3,3,Human Resources,3,Female,44,4,2,Human Resources,2,Married,18767,9,No,15,3,3,1,12,3,1,8,3,3,6,16.29195,2.065632072421597,3.0,1.2
56,No,Travel_Rarely,832,Research & Development,9,3,Medical,3,Male,81,3,4,Healthcare Representative,4,Married,20420,7,No,11,3,3,0,30,1,2,10,7,1,1,28.31265,1.6301570988107474,9.0,1.2
40,No,Travel_Rarely,804,Research & Development,2,1,Medical,4,Female,86,2,1,Research Scientist,4,Single,22929,0,Yes,20,4,4,0,5,2,2,4,2,2,3,5.9721,0.8110822510822511,4.0,1.4
27,No,Travel_Rarely,975,Research & Development,7,3,Medical,4,Female,55,2,2,Healthcare Representative,1,Single,23398,8,No,19,3,1,0,9,2,1,7,6,0,7,17.36805,1.0,7.0,1.2
29,No,Travel_Rarely,1090,Sales,10,3,Marketing,4,Male,83,3,1,Sales Representative,2,Divorced,17967,1,No,14,3,4,2,2,2,3,2,2,2,2,5.85735,0.8906552927491276,10.0,1.2
53,No,Travel_Rarely,346,Research & Development,6,3,Life Sciences,4,Male,86,3,2,Laboratory Technician,4,Single,10919,2,No,17,3,4,0,19,4,3,2,2,2,2,6.2475,0.8489258489258489,6.0,1.2
35,No,Non-Travel,1225,Research & Development,2,4,Life Sciences,4,Female,61,3,2,Healthcare Representative,1,Divorced,4761,2,No,11,3,1,1,16,2,4,1,0,0,0,12.98715,0.7477609748935545,2.0,1.2
32,No,Travel_Frequently,430,Research & Development,24,4,Life Sciences,1,Male,80,3,2,Laboratory Technician,4,Married,21146,1,No,15,3,4,2,10,2,3,10,8,4,7,13.53795,1.8395703395703396,24.0,1.2
38,No,Travel_Rarely,268,Research & Development,2,5,Medical,4,Male,92,3,1,Research Scientist,3,Married,20471,6,Yes,13,3,2,1,6,0,1,1,0,0,1,7.79535,1.0587012987012987,4.0,1.4
34,No,Travel_Rarely,167,Research & Development,8,5,Life Sciences,2,Female,32,3,2,Manufacturing Director,1,Divorced,4187,3,No,14,3,3,1,7,3,3,0,0,0,0,13.05855,0.7943229409027455,8.0,1.2
52,No,Travel_Rarely,621,Sales,3,4,Marketing,3,Male,31,2,4,Manager,1,Married,10084,1,No,11,3,1,0,34,3,4,34,6,1,16,42.9828,0.9657108482053338,3.0,1.8
33,Yes,Travel_Rarely,527,Research & Development,1,4,Other,4,Male,63,3,1,Research Scientist,4,Single,5207,1,Yes,13,3,3,0,10,2,2,10,9,7,8,6.8493,0.9302164502164503,2.0,1.4
25,No,Travel_Rarely,883,Sales,26,1,Medical,3,Female,32,3,2,Sales Executive,4,Single,22807,1,No,23,4,2,0,6,5,2,6,5,1,4,15.759,0.9918151179585941,26.0,1.0
45,No,Travel_Rarely,954,Sales,2,2,Technical Degree,2,Male,46,1,2,Sales Representative,3,Single,12388,0,No,13,3,1,0,9,3,3,8,7,3,1,16.9116,2.5715393563396662,2.0,1.2
23,No,Travel_Rarely,310,Research & Development,10,1,Medical,1,Male,79,4,1,Research Scientist,3,Single,19630,1,No,18,3,4,0,2,3,3,2,2,0,2,8.93775,1.2138528138528137,10.0,1.4
47,Yes,Travel_Frequently,719,Sales,27,2,Life Sciences,2,Female,77,4,2,Sales Executive,3,Single,10339,4,Yes,12,3,4,0,8,2,3,5,4,1,3,16.31235,1.0266409886053602,54.0,1.0
34,No,Travel_Rarely,304,Sales,2,3,Other,4,Male,60,3,2,Sales Executive,4,Single,18686,1,No,22,4,3,0,6,5,3,6,5,1,4,15.9987,1.0069009789760872,2.0,1.0
55,Yes,Travel_Rarely,725,Research & Development,2,3,Medical,4,Male,78,3,5,Manager,1,Married,21199,5,Yes,13,3,4,1,24,2,3,5,2,1,4,50.64045,1.1377581712452376,4.0,1.8
36,No,Non-Travel,1434,Sales,8,4,Life Sciences,1,Male,76,2,3,Sales Executive,1,Single,14229,1,No,15,3,2,0,10,1,3,10,7,0,9,19.34685,1.2176215695714974,8.0,1.0
52,No,Non-Travel,715,Research & Development,19,4,Medical,4,Male,41,3,1,Research Scientist,4,Married,26589,0,No,18,3,1,1,5,3,3,4,3,1,2,10.8579,1.4746320346320347,19.0,1.4
26,No,Travel_Frequently,575,Research & Development,1,2,Life Sciences,1,Female,71,1,1,Laboratory Technician,4,Divorced,5288,3,No,14,3,1,1,5,2,3,2,2,2,0,11.1282,1.512127512127512,1.0,1.2
29,No,Travel_Rarely,657,Research & Development,27,3,Medical,2,Female,66,3,2,Healthcare Representative,3,Married,25549,4,No,12,3,1,1,11,3,2,8,7,1,1,11.05425,0.6364704155043313,27.0,1.2
26,Yes,Travel_Rarely,1146,Sales,8,3,Technical Degree,4,Male,38,2,2,Sales Executive,1,Single,3064,6,No,17,3,3,0,6,2,2,4,3,1,2,13.5813,0.8547584657358369,8.0,1.0
34,No,Travel_Rarely,182,Research & Development,1,4,Life Sciences,2,Female,72,4,1,Research Scientist,4,Single,13551,2,No,16,3,3,0,10,2,3,4,2,1,3,8.364,1.135930735930736,1.0,1.4
54,No,Travel_Rarely,376,Research & Development,19,4,Medical,4,Female,95,3,2,Manufacturing Director,1,Divorced,22670,9,Yes,11,3,2,2,9,4,3,5,3,1,4,13.98675,0.8507833100666977,38.0,1.2
27,No,Travel_Frequently,829,Sales,8,1,Marketing,3,Male,84,3,2,Sales Executive,4,Married,24008,0,No,19,3,2,1,5,3,3,4,2,1,1,11.0721,0.696838388701653,8.0,1.0
37,No,Travel_Rarely,571,Research & Development,10,1,Life Sciences,4,Female,82,3,1,Research Scientist,1,Divorced,19905,0,Yes,13,3,2,2,6,3,2,5,3,4,3,7.0941,0.9634632034632035,20.0,1.4
38,No,Travel_Frequently,240,Research & Development,2,4,Life Sciences,1,Female,75,4,2,Manufacturing Director,1,Single,26085,6,Yes,12,3,4,0,17,2,3,15,7,4,12,15.249,0.9275632076935009,4.0,1.2
34,No,Travel_Rarely,121,Research & Development,2,4,Medical,3,Female,86,2,1,Research Scientist,1,Single,7530,1,No,11,3,3,0,6,3,3,6,5,1,3,11.17155,1.5172294372294373,2.0,1.4
35,No,Travel_Rarely,384,Sales,8,4,Life Sciences,1,Female,72,3,1,Sales Representative,4,Married,20317,1,No,16,3,2,1,3,1,2,3,2,0,2,6.5586,0.9972857696781698,8.0,1.2
30,No,Travel_Rarely,921,Research & Development,1,3,Life Sciences,4,Male,38,1,1,Laboratory Technician,3,Married,24375,3,No,21,4,3,2,7,2,3,2,2,0,2,9.77415,1.3281358281358282,1.0,1.2
40,No,Travel_Frequently,791,Research & Development,2,2,Medical,3,Female,38,4,2,Healthcare Representative,2,Married,9931,1,No,24,4,4,1,8,2,3,8,7,3,7,10.8222,0.6231096755248863,2.0,1.2
34,No,Travel_Rarely,1111,Sales,8,2,Life Sciences,3,Female,93,3,2,Sales Executive,1,Married,13305,5,No,17,3,2,1,6,1,3,3,2,1,2,16.575,1.0431712405713367,8.0,1.0
42,No,Travel_Frequently,570,Research & Development,8,3,Life Sciences,2,Male,66,3,5,Manager,4,Divorced,16225,1,No,13,3,2,1,24,4,2,24,7,14,9,46.9965,1.0558881663754331,8.0,1.8
23,Yes,Travel_Rarely,1243,Research & Development,6,3,Life Sciences,3,Male,63,4,1,Laboratory Technician,1,Married,3445,1,Yes,21,4,3,2,1,2,3,0,0,0,0,4.08255,0.5547470547470548,12.0,1.2
24,No,Non-Travel,1092,Research & Development,9,3,Life Sciences,3,Male,60,2,1,Laboratory Technician,2,Divorced,26551,1,No,11,3,3,3,1,4,3,1,0,0,0,6.8697,0.9334719334719335,9.0,1.2
52,No,Travel_Rarely,1325,Research & Development,11,4,Life Sciences,4,Female,82,3,2,Laboratory Technician,3,Married,21821,8,No,20,4,2,1,9,3,3,5,2,1,4,8.02995,1.091129591129591,11.0,1.2
50,No,Travel_Rarely,691,Research & Development,2,3,Medical,3,Male,64,3,4,Research Director,3,Married,6881,5,No,16,3,4,0,30,3,3,4,3,0,3,44.97945,1.0683827983040581,2.0,1.2
29,Yes,Travel_Rarely,805,Research & Development,1,2,Life Sciences,2,Female,36,2,1,Laboratory Technician,1,Married,6689,1,Yes,11,3,4,1,1,1,3,1,0,0,0,5.91345,0.8035343035343036,2.0,1.2
33,No,Travel_Rarely,213,Research & Development,7,3,Medical,3,Male,49,3,3,Research Director,3,Married,25995,0,No,11,3,4,0,14,3,4,13,9,3,7,29.81205,0.7081162931556633,7.0,1.2
33,Yes,Travel_Rarely,118,Sales,16,3,Marketing,1,Female,69,3,2,Sales Executive,1,Single,26507,5,No,15,3,3,0,6,3,3,3,2,0,2,13.5762,0.8544374899695073,16.0,1.0
47,No,Travel_Rarely,202,Research & Development,2,2,Other,3,Female,33,3,4,Manager,4,Married,12982,1,Yes,11,3,3,1,26,3,2,26,14,3,0,42.7176,0.959752499355467,4.0,1.8
36,No,Travel_Rarely,676,Research & Development,1,3,Other,3,Female,35,3,2,Manufacturing Director,2,Married,23361,0,No,15,3,1,1,10,2,3,9,7,0,5,13.3314,0.8109198076624787,1.0,1.2
29,No,Travel_Rarely,1252,Research & Development,23,2,Life Sciences,3,Male,81,4,1,Research Scientist,3,Married,23779,1,No,24,4,3,1,10,3,3,10,7,0,7,6.885,0.935064935064935,23.0,1.4
58,Yes,Travel_Rarely,286,Research & Development,2,4,Life Sciences,4,Male,31,3,5,Research Director,2,Single,25761,7,Yes,12,3,4,0,40,2,3,31,15,13,8,49.0773,1.1657177468201092,4.0,1.2
35,No,Travel_Rarely,1258,Research & Development,1,4,Life Sciences,4,Female,40,4,1,Research Scientist,3,Single,13301,3,No,13,3,3,0,7,0,3,2,2,2,2,6.3903,0.8678787878787878,1.0,1.4
42,No,Travel_Rarely,932,Research & Development,1,2,Life Sciences,4,Female,43,2,2,Manufacturing Director,4,Married,4051,9,Yes,13,3,4,1,8,4,3,4,3,0,2,15.4581,0.9402823018458197,2.0,1.2
28,Yes,Travel_Rarely,890,Research & Development,2,4,Medical,3,Male,46,3,1,Research Scientist,3,Single,16374,6,No,17,3,4,0,5,3,2,2,2,2,1,11.1741,1.5175757575757574,2.0,1.4
36,No,Travel_Rarely,1041,Human Resources,13,3,Human Resources,3,Male,36,3,1,Human Resources,2,Married,25527,4,No,13,3,2,1,8,2,3,5,2,0,4,5.46465,0.6928548334949887,13.0,1.2
32,No,Travel_Rarely,859,Research & Development,4,3,Life Sciences,3,Female,98,2,2,Manufacturing Director,3,Married,19124,1,No,12,3,3,1,14,3,3,14,13,6,8,15.7131,0.955793392275477,4.0,1.2
40,No,Travel_Frequently,720,Research & Development,16,4,Medical,1,Male,51,2,2,Laboratory Technician,3,Single,11983,6,No,14,3,4,0,10,6,3,1,0,0,0,12.9897,1.765072765072765,16.0,1.2
30,No,Travel_Rarely,946,Research & Development,2,3,Medical,3,Female,52,2,2,Manufacturing Director,4,Single,20234,5,Yes,24,4,2,0,12,4,2,0,0,0,0,17.53635,1.066697688847526,4.0,1.2
45,No,Travel_Rarely,252,Research & Development,2,3,Life Sciences,2,Female,95,2,1,Research Scientist,3,Single,6153,1,No,14,3,4,0,1,3,3,1,0,0,0,5.7987,0.7875324675324675,2.0,1.4
42,No,Travel_Rarely,933,Research & Development,29,3,Life Sciences,2,Male,98,3,2,Manufacturing Director,2,Married,11806,1,No,13,3,4,1,10,3,2,9,8,7,8,11.3067,0.6877617496510005,29.0,1.2
38,No,Travel_Frequently,471,Research & Development,12,3,Life Sciences,1,Male,45,2,2,Healthcare Representative,1,Divorced,4284,2,No,15,3,3,1,13,3,2,4,3,1,2,16.0344,0.9232124504478051,12.0,1.2
34,No,Travel_Frequently,702,Research & Development,16,4,Life Sciences,3,Female,100,2,1,Research Scientist,4,Single,8306,1,No,16,3,3,0,6,3,3,5,2,1,3,6.51015,0.8841558441558441,16.0,1.4
49,Yes,Travel_Rarely,1184,Sales,11,3,Marketing,3,Female,43,3,3,Sales Executive,4,Married,5860,1,No,18,3,1,2,9,3,4,9,8,7,7,19.5177,1.2283742577435404,11.0,1.0
55,Yes,Travel_Rarely,436,Sales,2,1,Medical,3,Male,37,3,2,Sales Executive,4,Single,21519,4,No,16,3,3,0,12,3,2,9,7,7,3,13.158,0.8281174771304766,2.0,1.0
43,No,Travel_Rarely,589,Research & Development,14,2,Life Sciences,2,Male,94,3,4,Research Director,1,Married,5200,6,No,24,4,3,1,22,3,3,4,1,1,0,43.75545,1.0393095093882496,14.0,1.2
27,No,Travel_Rarely,269,Research & Development,5,1,Technical Degree,3,Male,42,2,3,Research Director,4,Divorced,8842,1,Yes,16,3,2,1,9,3,3,9,8,0,8,32.6604,0.7757722592368262,10.0,1.2
35,No,Travel_Rarely,950,Research & Development,7,3,Other,3,Male,59,3,3,Manufacturing Director,3,Single,18869,3,No,21,4,2,0,17,3,4,8,5,1,6,26.06355,1.585388552815263,7.0,1.2
28,No,Travel_Rarely,760,Sales,2,4,Marketing,2,Female,81,3,2,Sales Executive,2,Married,3698,1,Yes,20,4,1,0,8,2,3,8,7,7,5,12.18645,0.7669715936446798,4.0,1.0
34,No,Travel_Rarely,829,Human Resources,3,2,Human Resources,3,Male,88,3,1,Human Resources,4,Married,2243,0,No,19,3,3,1,4,1,1,3,2,0,2,9.52935,1.2082120918202393,3.0,1.2
26,Yes,Travel_Frequently,887,Research & Development,5,2,Medical,3,Female,88,2,1,Research Scientist,3,Married,20898,1,Yes,14,3,1,1,8,2,3,8,7,1,7,6.0333,0.8193939393939393,10.0,1.4
27,No,Non-Travel,443,Research & Development,3,3,Medical,4,Male,50,3,1,Research Scientist,4,Married,16571,1,No,11,3,3,3,0,6,2,0,0,0,0,4.3503,0.5908225108225108,3.0,1.4
51,No,Travel_Rarely,1318,Sales,26,4,Marketing,1,Female,66,3,4,Manager,3,Married,5594,2,No,14,3,3,1,29,2,2,20,6,4,17,41.58285,0.9342576412959409,26.0,1.8
44,No,Travel_Rarely,625,Research & Development,4,3,Medical,4,Male,50,3,2,Healthcare Representative,2,Single,5197,9,No,12,3,4,0,10,2,2,5,2,2,3,15.12915,0.8710908823961239,4.0,1.2
25,No,Travel_Rarely,180,Research & Development,2,1,Medical,1,Male,65,4,1,Research Scientist,1,Single,21632,7,No,13,3,3,0,6,3,2,4,3,0,1,8.7312,1.1858008658008656,2.0,1.4
33,No,Travel_Rarely,586,Sales,1,3,Medical,1,Male,48,4,2,Sales Executive,1,Divorced,21816,1,No,22,4,1,1,9,5,3,9,8,0,8,10.29435,0.6478895843363826,1.0,1.0
35,No,Travel_Rarely,1343,Research & Development,27,1,Medical,3,Female,53,2,1,Research Scientist,1,Single,17852,1,No,11,3,4,0,6,3,2,6,5,1,1,6.52545,0.8862337662337663,27.0,1.4
36,No,Travel_Rarely,928,Sales,1,2,Life Sciences,2,Male,56,3,2,Sales Executive,4,Married,2823,1,Yes,14,3,4,1,18,1,2,18,14,4,11,15.81255,0.9951853635050553,2.0,1.0
32,No,Travel_Rarely,117,Sales,13,4,Life Sciences,2,Male,73,3,2,Sales Executive,4,Divorced,9250,2,No,11,3,3,1,8,3,2,5,2,0,3,11.22765,0.7066281495747071,13.0,1.0
30,No,Travel_Frequently,1012,Research & Development,5,4,Life Sciences,2,Male,75,2,1,Research Scientist,4,Divorced,2373,9,No,12,3,2,1,10,3,2,5,4,0,3,9.59055,1.3025108225108226,5.0,1.4
53,No,Travel_Rarely,661,Sales,7,2,Marketing,1,Female,78,2,3,Sales Executive,4,Married,20715,7,Yes,18,3,4,1,35,3,3,5,2,0,4,27.8817,1.7547745145241531,14.0,1.0
45,No,Travel_Rarely,930,Sales,9,3,Marketing,4,Male,74,3,3,Sales Executive,1,Divorced,19239,4,Yes,12,3,3,1,18,2,3,5,4,0,2,27.44055,1.7270101107366393,18.0,1.0
32,No,Travel_Rarely,638,Research & Development,8,2,Medical,3,Female,91,4,2,Research Scientist,3,Married,22162,5,No,12,3,3,1,9,3,2,5,3,1,3,13.19625,1.7922077922077921,8.0,1.4
52,No,Travel_Frequently,890,Research & Development,25,4,Medical,3,Female,81,2,4,Manufacturing Director,4,Married,19028,3,No,22,4,3,0,31,3,3,9,8,0,0,35.2563,2.1445633628044054,25.0,1.2
37,No,Travel_Rarely,342,Sales,16,4,Marketing,4,Male,66,2,2,Sales Executive,3,Divorced,24558,4,No,19,3,4,2,9,2,3,1,0,0,0,16.1517,1.0165302519659767,16.0,1.0
28,No,Travel_Rarely,1169,Human Resources,8,2,Medical,2,Male,63,2,1,Human Resources,4,Divorced,23965,1,No,13,3,4,1,6,6,3,5,1,0,4,12.5868,1.595861623019722,8.0,1.2
22,No,Travel_Rarely,1230,Research & Development,1,2,Life Sciences,4,Male,33,2,2,Manufacturing Director,4,Married,19146,6,No,22,4,1,2,4,2,1,2,2,2,2,12.17625,0.7406545680161315,1.0,1.2
44,No,Travel_Rarely,986,Research & Development,8,4,Life Sciences,1,Male,62,4,1,Laboratory Technician,4,Married,5044,2,Yes,24,4,3,1,10,2,2,3,2,0,2,7.1859,0.9764379764379765,16.0,1.2
42,No,Travel_Frequently,1271,Research & Development,2,1,Medical,2,Male,35,3,1,Research Scientist,4,Single,9068,5,Yes,14,3,4,0,8,2,3,2,1,2,2,6.41325,0.870995670995671,4.0,1.4
36,No,Travel_Rarely,1278,Human Resources,8,3,Life Sciences,1,Male,77,2,1,Human Resources,1,Married,8635,0,No,21,4,3,0,6,3,3,5,4,0,3,5.9721,0.7571936631102489,8.0,1.2
25,No,Travel_Rarely,141,Sales,3,1,Other,3,Male,98,3,2,Sales Executive,1,Married,14363,1,Yes,18,3,4,0,5,3,3,5,3,0,3,10.6947,0.6730861819932594,6.0,1.0
35,No,Travel_Rarely,607,Research & Development,9,3,Life Sciences,4,Female,66,2,3,Manufacturing Director,3,Married,23457,1,Yes,20,4,2,1,17,2,3,17,14,5,15,27.24675,1.6573600124088723,18.0,1.2
35,Yes,Travel_Frequently,130,Research & Development,25,4,Life Sciences,4,Female,96,3,1,Research Scientist,2,Divorced,16612,1,Yes,19,3,1,1,10,3,2,10,2,7,8,5.1561,0.7002597402597402,50.0,1.4
32,No,Non-Travel,300,Research & Development,1,3,Life Sciences,4,Male,61,3,1,Laboratory Technician,4,Divorced,9148,0,No,12,3,2,1,4,2,3,3,0,0,2,5.9007,0.8018018018018017,1.0,1.2
25,No,Travel_Rarely,583,Sales,4,1,Marketing,3,Male,87,2,2,Sales Executive,1,Married,18154,1,No,12,3,1,0,5,1,4,5,2,0,3,10.8528,0.6830364307494784,4.0,1.0
49,No,Travel_Rarely,1418,Research & Development,1,3,Technical Degree,3,Female,36,3,1,Research Scientist,1,Married,10554,2,No,16,3,2,1,7,2,3,4,2,0,2,9.129,1.2398268398268397,1.0,1.4
24,No,Non-Travel,1269,Research & Development,4,1,Life Sciences,1,Male,46,2,1,Laboratory Technician,4,Married,10778,0,No,17,3,4,0,6,2,2,5,2,3,4,8.0631,1.0956340956340958,4.0,1.2
32,No,Travel_Frequently,379,Sales,5,2,Life Sciences,2,Male,48,3,2,Sales Executive,2,Married,8891,1,No,14,3,4,1,10,3,3,10,8,5,3,16.6362,1.0470229497672925,5.0,1.0
38,No,Travel_Rarely,395,Sales,9,3,Marketing,2,Male,98,2,1,Sales Representative,2,Married,12102,0,No,19,3,4,1,3,3,3,2,2,1,2,7.39245,1.1240791004265218,9.0,1.2
42,No,Travel_Rarely,1265,Research & Development,3,3,Life Sciences,3,Female,95,4,2,Laboratory Technician,4,Married,23726,2,Yes,13,3,2,1,17,1,2,5,3,1,3,13.33905,1.8125433125433126,6.0,1.2
31,No,Travel_Rarely,1222,Research & Development,11,4,Life Sciences,4,Male,48,3,1,Research Scientist,4,Married,14871,3,Yes,19,3,2,1,8,2,3,6,4,0,2,6.0078,0.8159307359307358,22.0,1.4
29,Yes,Travel_Rarely,341,Sales,1,3,Medical,2,Female,48,2,1,Sales Representative,3,Divorced,23522,6,Yes,19,3,3,3,5,3,3,3,2,0,2,7.14,1.0856921287320667,2.0,1.2
53,No,Travel_Rarely,868,Sales,8,3,Marketing,1,Male,73,3,4,Sales Executive,4,Married,22789,5,No,14,3,3,1,28,3,3,2,0,2,2,30.1818,1.899534585138822,8.0,1.0
35,No,Travel_Rarely,672,Research & Development,25,3,Technical Degree,4,Male,78,2,3,Manufacturing Director,2,Married,9129,3,No,16,3,1,0,16,2,3,13,10,4,8,27.80265,1.691174189545525,25.0,1.2
37,No,Travel_Frequently,1231,Sales,21,2,Medical,3,Female,54,3,1,Sales Representative,4,Married,21222,5,No,15,3,2,1,10,3,3,5,4,0,0,7.58115,1.152772392400155,21.0,1.2
53,No,Travel_Rarely,102,Research & Development,23,4,Life Sciences,4,Female,72,3,4,Research Director,4,Single,20206,6,No,18,3,3,0,33,0,3,12,9,3,8,36.40125,0.8646274984857663,23.0,1.2
43,No,Travel_Frequently,422,Research & Development,1,3,Life Sciences,4,Female,33,3,2,Healthcare Representative,4,Married,21782,4,No,13,3,2,1,12,2,2,5,2,2,2,14.1831,0.8166201732491557,1.0,1.2
47,No,Travel_Rarely,249,Sales,2,2,Marketing,3,Female,35,3,2,Sales Executive,4,Married,17783,0,Yes,22,4,1,1,8,2,3,7,6,7,7,11.56935,0.7281335259187931,4.0,1.0
37,No,Non-Travel,1252,Sales,19,2,Medical,1,Male,32,3,3,Sales Executive,2,Single,4814,1,Yes,13,3,4,0,10,2,3,10,0,0,9,19.4871,1.2264484031455625,38.0,1.0
50,No,Non-Travel,881,Research & Development,2,4,Life Sciences,1,Male,98,3,4,Manager,1,Divorced,4544,1,No,11,3,4,1,31,3,3,31,6,14,7,45.7062,1.026898507548197,2.0,1.8
39,No,Travel_Rarely,1383,Human Resources,2,3,Life Sciences,4,Female,42,2,2,Human Resources,4,Married,7790,8,No,11,3,3,2,13,2,3,5,4,0,4,13.2702,1.6825088910442936,2.0,1.2
33,No,Travel_Rarely,1075,Human Resources,3,2,Human Resources,4,Male,57,3,1,Human Resources,2,Divorced,22650,3,Yes,11,3,3,1,7,4,4,4,3,0,3,5.80635,0.7361784675072744,6.0,1.2
32,Yes,Travel_Rarely,374,Research & Development,25,4,Life Sciences,1,Male,87,3,1,Laboratory Technician,4,Single,18016,1,Yes,24,4,3,0,1,2,1,1,0,0,1,7.12725,0.9684684684684685,50.0,1.2
29,No,Travel_Rarely,1086,Research & Development,7,1,Medical,1,Female,62,2,1,Laboratory Technician,4,Divorced,6054,6,No,14,3,3,3,8,5,3,4,3,0,3,6.4566,0.8773388773388773,7.0,1.2
44,No,Travel_Rarely,661,Research & Development,9,2,Life Sciences,2,Male,61,3,1,Research Scientist,1,Married,7508,1,Yes,13,3,4,0,8,0,3,8,7,7,1,6.52545,0.8862337662337663,18.0,1.4
28,No,Travel_Rarely,821,Sales,5,4,Medical,1,Male,98,3,2,Sales Executive,4,Single,24252,1,No,14,3,2,0,4,3,3,4,2,0,2,12.5154,0.7876745305729417,5.0,1.0
58,Yes,Travel_Frequently,781,Research & Development,2,1,Life Sciences,4,Male,57,2,1,Laboratory Technician,4,Divorced,13384,9,Yes,14,3,4,1,3,3,2,1,0,0,0,6.069,0.8246708246708246,4.0,1.2
43,No,Travel_Rarely,177,Research & Development,8,3,Life Sciences,1,Female,55,3,2,Manufacturing Director,2,Divorced,23814,4,No,21,4,3,1,4,2,4,1,0,0,0,12.15075,0.7391034589731659,8.0,1.2
20,Yes,Travel_Rarely,500,Sales,2,3,Medical,3,Female,49,2,1,Sales Representative,3,Single,22052,1,No,13,3,4,0,2,3,2,2,2,0,2,5.2122,0.7925552539744086,2.0,1.2
21,Yes,Travel_Rarely,1427,Research & Development,18,1,Other,4,Female,65,3,1,Research Scientist,4,Single,8870,1,No,19,3,1,0,1,3,2,1,0,0,0,6.86715,0.9326406926406926,18.0,1.4
36,No,Travel_Rarely,1425,Research & Development,14,1,Life Sciences,3,Male,68,3,2,Healthcare Representative,4,Married,4821,0,Yes,17,3,1,1,17,2,2,16,8,4,11,16.7943,0.966965203347526,28.0,1.2
47,No,Travel_Rarely,1454,Sales,2,4,Life Sciences,4,Female,65,2,1,Sales Representative,4,Single,13137,1,Yes,18,3,1,0,3,3,2,3,2,1,2,8.3997,1.2772392400155097,4.0,1.2
22,Yes,Travel_Rarely,617,Research & Development,3,1,Life Sciences,2,Female,34,3,2,Manufacturing Director,3,Married,10022,0,Yes,19,3,1,1,4,3,4,3,2,0,2,10.63605,0.646967581821002,6.0,1.2
41,Yes,Travel_Rarely,1085,Research & Development,2,4,Life Sciences,2,Female,57,1,1,Laboratory Technician,4,Divorced,17725,4,Yes,13,3,3,1,10,1,2,7,7,1,0,7.0839,0.9625779625779626,4.0,1.2
28,No,Travel_Rarely,995,Research & Development,9,3,Medical,3,Female,77,3,1,Research Scientist,3,Divorced,9834,5,No,18,3,2,1,6,2,3,2,2,2,2,6.06135,0.8232034632034632,9.0,1.4
39,Yes,Travel_Rarely,1122,Research & Development,6,3,Medical,4,Male,70,3,1,Laboratory Technician,1,Married,4303,7,Yes,21,4,4,0,8,2,1,2,2,2,2,6.1302,0.832986832986833,12.0,1.2
27,No,Travel_Rarely,618,Research & Development,4,3,Life Sciences,2,Female,76,3,1,Research Scientist,3,Single,17808,1,No,19,3,3,0,1,2,3,1,1,0,0,5.9109,0.8027705627705627,4.0,1.4
34,No,Travel_Rarely,546,Research & Development,10,3,Life Sciences,2,Male,83,3,1,Laboratory Technician,2,Divorced,6896,1,No,14,3,2,2,1,3,3,1,0,1,0,5.1204,0.6957726957726957,10.0,1.2
42,No,Travel_Rarely,462,Sales,14,2,Medical,3,Female,68,2,2,Sales Executive,3,Single,7824,7,No,17,3,1,0,10,6,3,5,4,0,3,15.9222,1.0020863424811426,14.0,1.0
33,No,Travel_Rarely,1198,Research & Development,1,4,Other,3,Male,100,2,1,Research Scientist,1,Single,3339,3,Yes,11,3,2,0,6,1,3,3,2,0,2,7.13745,0.9693506493506494,2.0,1.4
58,No,Travel_Rarely,1272,Research & Development,5,3,Technical Degree,3,Female,37,2,3,Healthcare Representative,2,Divorced,9255,2,Yes,13,3,4,1,24,3,3,6,0,0,4,26.9076,1.5492585523417999,10.0,1.2
31,No,Travel_Rarely,154,Sales,7,4,Life Sciences,2,Male,41,2,1,Sales Representative,3,Married,11737,3,No,15,3,2,0,13,2,4,7,7,5,2,5.93895,0.9030632027917798,7.0,1.2
35,No,Travel_Rarely,1137,Research & Development,21,1,Life Sciences,4,Female,51,3,2,Healthcare Representative,4,Married,19170,1,Yes,25,4,4,1,10,2,1,10,6,0,7,10.2357,0.589340772280135,42.0,1.2
49,No,Travel_Rarely,527,Research & Development,8,2,Other,1,Female,51,3,3,Laboratory Technician,2,Married,22477,4,No,11,3,3,1,29,3,2,26,9,1,7,18.87765,2.565142065142065,8.0,1.2
48,No,Travel_Rarely,1469,Research & Development,20,4,Medical,4,Male,51,3,1,Research Scientist,3,Married,5543,4,No,17,3,1,2,13,2,2,0,0,0,0,5.76045,0.7823376623376622,20.0,1.4
31,No,Non-Travel,1188,Sales,20,2,Marketing,4,Female,45,3,2,Sales Executive,3,Married,24406,1,No,13,3,4,1,9,2,2,9,8,0,0,17.6766,1.1125020060985396,20.0,1.0
36,No,Travel_Rarely,188,Research & Development,7,4,Other,2,Male,65,3,1,Research Scientist,4,Single,23293,2,No,18,3,3,0,8,6,3,6,2,0,1,11.9289,1.62008658008658,7.0,1.4
38,No,Travel_Rarely,1333,Research & Development,1,3,Technical Degree,4,Female,80,3,3,Research Director,1,Married,16292,1,No,13,3,2,1,15,3,3,15,12,5,11,34.6341,0.8226529376135675,1.0,1.2
32,No,Non-Travel,1184,Research & Development,1,3,Life Sciences,3,Female,70,2,1,Laboratory Technician,2,Married,3974,6,No,20,4,3,0,5,3,3,3,0,0,2,5.9466,0.808038808038808,1.0,1.2
25,Yes,Travel_Rarely,867,Sales,19,2,Marketing,3,Male,36,2,1,Sales Representative,2,Married,18798,1,Yes,18,3,3,3,1,2,3,1,0,0,0,6.15315,0.9356339666537418,38.0,1.2
40,No,Travel_Rarely,658,Sales,10,4,Marketing,1,Male,67,2,3,Sales Executive,2,Divorced,20652,2,No,12,3,2,1,11,2,2,1,0,0,0,24.74775,1.5575349061145882,10.0,1.0
26,No,Travel_Frequently,1283,Sales,1,3,Medical,3,Male,52,2,2,Sales Executive,1,Single,11148,1,No,12,3,2,0,7,2,3,7,7,0,7,10.9497,0.6891349703097416,1.0,1.0
41,No,Travel_Rarely,263,Research & Development,6,3,Medical,4,Male,59,3,1,Laboratory Technician,1,Single,3119,2,Yes,13,3,3,0,20,3,3,18,13,2,17,12.03855,1.635828135828136,12.0,1.2
36,No,Travel_Rarely,938,Research & Development,2,4,Medical,3,Male,79,3,1,Laboratory Technician,3,Single,12287,4,No,21,4,3,0,16,6,3,11,8,3,9,6.42345,0.8728343728343728,2.0,1.2
19,Yes,Travel_Rarely,419,Sales,21,3,Other,4,Male,37,2,1,Sales Representative,2,Single,9947,1,Yes,13,3,2,0,1,3,4,1,0,0,0,5.40855,0.8224117875145405,42.0,1.2
20,Yes,Travel_Rarely,129,Research & Development,4,3,Technical Degree,1,Male,84,3,1,Laboratory Technician,1,Single,13008,1,No,19,3,2,0,1,2,3,1,0,0,0,7.58115,1.0301455301455302,4.0,1.2
31,No,Travel_Rarely,616,Research & Development,12,3,Medical,4,Female,41,3,2,Healthcare Representative,4,Married,17369,0,Yes,11,3,3,2,10,2,1,9,7,8,5,14.93025,0.8596388195565996,24.0,1.2
40,No,Travel_Frequently,1469,Research & Development,9,4,Medical,4,Male,35,3,1,Research Scientist,2,Divorced,25063,8,Yes,14,3,4,1,3,2,3,1,1,0,0,9.22335,1.2526406926406926,18.0,1.4
32,No,Travel_Rarely,498,Research & Development,3,4,Medical,3,Female,93,3,2,Manufacturing Director,1,Married,13554,1,No,12,3,3,1,8,2,4,8,7,6,3,17.14875,1.0431208313944471,3.0,1.2
36,Yes,Travel_Rarely,530,Sales,3,1,Life Sciences,3,Male,51,2,3,Sales Executive,4,Married,5518,1,Yes,11,3,1,1,16,6,3,16,7,3,7,26.32875,1.6570373936767773,6.0,1.0
33,No,Travel_Rarely,1069,Research & Development,1,3,Life Sciences,2,Female,42,2,2,Healthcare Representative,4,Single,12291,0,No,14,3,1,0,6,3,3,5,0,1,4,17.71995,1.0202613419468507,1.0,1.2
37,Yes,Travel_Rarely,625,Sales,1,4,Life Sciences,1,Male,46,2,3,Sales Executive,3,Married,14922,5,No,11,3,3,0,17,2,1,14,1,11,7,27.05295,1.7026159524955864,1.0,1.0
45,No,Non-Travel,805,Research & Development,4,2,Life Sciences,3,Male,57,3,2,Laboratory Technician,2,Married,23163,1,No,12,3,2,0,9,5,2,9,7,0,8,11.33985,1.540887040887041,4.0,1.2
29,No,Travel_Frequently,1404,Sales,20,3,Technical Degree,3,Female,84,3,1,Sales Representative,4,Married,18203,1,No,15,3,2,1,3,5,3,3,1,0,2,5.50035,0.8363706863125242,20.0,1.2
35,No,Travel_Rarely,1219,Sales,18,3,Medical,3,Female,86,3,2,Sales Executive,3,Married,6179,1,No,16,3,2,0,5,3,3,5,2,1,0,11.73255,0.7384047504413416,18.0,1.0
52,No,Travel_Rarely,1053,Research & Development,1,2,Life Sciences,4,Male,70,3,4,Manager,4,Married,13829,2,No,15,3,2,1,26,2,2,9,8,7,8,43.60245,0.979632759460311,1.0,1.8
58,Yes,Travel_Rarely,289,Research & Development,2,3,Technical Degree,4,Male,51,3,1,Research Scientist,3,Single,26227,4,No,24,4,1,0,7,4,3,1,0,0,0,6.32145,0.8585281385281385,2.0,1.4
53,No,Travel_Rarely,1376,Sales,2,2,Medical,3,Male,45,3,4,Manager,3,Divorced,13938,6,No,13,3,3,1,22,3,4,17,13,15,2,37.8726,0.8508980492136698,2.0,1.8
30,No,Travel_Rarely,231,Sales,8,2,Other,3,Male,62,3,3,Sales Executive,3,Divorced,9977,5,No,11,3,1,1,10,2,4,8,4,7,7,18.5232,1.16578398330926,8.0,1.0
38,No,Non-Travel,152,Sales,10,3,Technical Degree,3,Female,85,3,2,Sales Executive,4,Single,19899,1,Yes,13,3,2,0,6,1,3,5,3,1,3,14.4483,0.9093243460118761,20.0,1.0
35,No,Travel_Rarely,882,Sales,3,4,Life Sciences,4,Male,92,3,3,Sales Executive,4,Divorced,6812,6,No,13,3,2,1,12,2,3,10,9,0,8,19.94865,1.2554967099983951,3.0,1.0
39,No,Travel_Rarely,903,Sales,2,5,Life Sciences,1,Male,41,4,3,Sales Executive,3,Single,2560,0,No,18,3,4,0,9,3,3,8,7,0,7,20.094,1.2646445193387899,2.0,1.0
40,Yes,Non-Travel,1479,Sales,24,3,Life Sciences,2,Female,100,4,4,Sales Executive,2,Single,17071,4,Yes,16,3,4,0,22,2,2,1,0,0,0,33.6447,2.117477130476649,48.0,1.0
47,No,Travel_Frequently,1379,Research & Development,16,4,Medical,3,Male,64,4,2,Manufacturing Director,3,Divorced,6759,1,Yes,19,3,3,0,20,3,4,19,10,2,7,12.92085,0.7859469520707305,32.0,1.2
36,No,Non-Travel,1229,Sales,8,4,Technical Degree,1,Male,84,3,2,Sales Executive,4,Divorced,25952,4,No,13,3,4,2,12,3,3,7,7,0,7,12.95145,0.8151179585941261,8.0,1.0
31,Yes,Non-Travel,335,Research & Development,9,2,Medical,3,Male,46,2,1,Research Scientist,1,Single,10322,0,Yes,22,4,1,0,4,0,3,3,2,1,2,5.91855,0.8038095238095238,18.0,1.4
33,No,Non-Travel,722,Sales,17,3,Life Sciences,4,Male,38,3,4,Manager,3,Single,20489,1,No,11,3,4,0,10,2,3,10,8,6,0,44.4822,0.9993984359334269,17.0,1.8
29,Yes,Travel_Rarely,906,Research & Development,10,3,Life Sciences,4,Female,92,2,1,Research Scientist,1,Single,11479,6,Yes,20,4,3,0,3,5,3,0,0,0,0,6.1302,0.8325541125541126,20.0,1.4
33,No,Travel_Rarely,461,Research & Development,13,1,Life Sciences,2,Female,53,3,1,Research Scientist,4,Single,17241,3,No,18,3,1,0,5,4,3,3,2,0,2,8.8026,1.1954978354978354,13.0,1.4
45,No,Travel_Rarely,974,Research & Development,1,4,Medical,4,Female,91,3,1,Laboratory Technician,4,Divorced,11005,3,No,14,3,4,2,8,2,3,5,3,0,2,5.7885,0.7865557865557865,1.0,1.2
50,No,Travel_Rarely,1126,Research & Development,1,2,Medical,4,Male,66,3,4,Research Director,4,Divorced,6615,9,No,22,4,3,1,32,1,2,5,4,1,3,44.36745,1.0538461538461539,1.0,1.2
33,No,Travel_Frequently,827,Research & Development,1,4,Other,3,Female,84,4,2,Healthcare Representative,2,Married,20161,1,Yes,13,3,1,1,6,2,3,6,5,1,2,13.9944,0.8057553956834532,2.0,1.2
41,No,Travel_Frequently,840,Research & Development,9,3,Medical,1,Male,64,3,5,Research Director,3,Divorced,3735,2,No,17,3,2,1,21,2,4,18,16,0,11,49.51845,1.176196244700182,9.0,1.2
27,No,Travel_Rarely,1134,Research & Development,16,4,Technical Degree,3,Female,37,3,1,Laboratory Technician,2,Married,12086,9,No,14,3,2,1,4,2,3,2,2,2,2,7.16805,0.974012474012474,16.0,1.2
45,No,Non-Travel,248,Research & Development,23,2,Life Sciences,4,Male,42,3,2,Laboratory Technician,1,Married,14039,1,Yes,15,3,3,1,9,2,3,9,8,0,8,9.26415,1.2588357588357588,46.0,1.2
47,No,Travel_Rarely,955,Sales,4,2,Life Sciences,4,Female,83,3,2,Sales Executive,4,Single,8571,1,Yes,17,3,3,0,9,0,3,9,0,0,7,10.61565,0.66811105761515,8.0,1.0
30,Yes,Travel_Rarely,138,Research & Development,22,3,Life Sciences,1,Female,48,3,1,Research Scientist,3,Married,11539,4,Yes,11,3,2,0,7,2,3,5,2,0,1,5.4366,0.7383549783549784,44.0,1.4
50,No,Travel_Rarely,939,Research & Development,24,3,Life Sciences,4,Male,95,3,4,Manufacturing Director,3,Married,4161,3,Yes,18,3,4,1,22,2,3,12,11,1,5,35.63115,2.167364665736001,48.0,1.2
38,No,Travel_Frequently,1391,Research & Development,10,1,Medical,3,Male,66,3,1,Research Scientist,3,Married,12127,0,No,17,3,2,1,3,0,2,2,1,0,2,6.8442,0.9295238095238095,10.0,1.4
46,No,Travel_Rarely,566,Research & Development,7,2,Medical,4,Male,75,3,3,Manufacturing Director,3,Divorced,24208,6,No,13,3,2,1,13,3,3,8,7,0,7,27.65475,1.682177757096324,7.0,1.2
24,No,Travel_Rarely,1206,Research & Development,17,1,Medical,4,Female,41,2,2,Manufacturing Director,3,Divorced,24117,1,No,15,3,2,2,5,6,3,4,2,3,2,11.16135,0.6789204281060959,17.0,1.2
35,Yes,Travel_Rarely,622,Research & Development,14,4,Other,3,Male,39,2,1,Laboratory Technician,2,Divorced,10074,1,Yes,24,4,4,1,5,2,1,4,2,0,2,9.54465,1.296950796950797,28.0,1.2
31,No,Travel_Frequently,853,Research & Development,1,1,Life Sciences,3,Female,96,3,2,Manufacturing Director,1,Married,11275,1,No,12,3,3,1,4,1,3,4,3,0,3,10.5774,0.6434000310221809,1.0,1.2
18,No,Non-Travel,287,Research & Development,5,2,Life Sciences,2,Male,73,3,1,Research Scientist,4,Single,13493,1,No,15,3,4,0,0,2,3,0,0,0,0,2.68005,0.36398268398268396,5.0,1.4
54,No,Travel_Rarely,1441,Research & Development,17,3,Technical Degree,3,Female,56,3,3,Manufacturing Director,3,Married,13943,8,No,11,3,3,1,22,2,3,10,7,0,8,27.38445,1.6657360012408873,17.0,1.2
35,No,Travel_Rarely,583,Research & Development,25,4,Medical,3,Female,57,3,3,Healthcare Representative,3,Divorced,6975,1,Yes,11,3,3,1,16,3,2,16,10,10,1,26.4894,1.525179856115108,50.0,1.2
30,No,Travel_Rarely,153,Research & Development,8,2,Life Sciences,2,Female,73,4,3,Research Director,1,Married,17802,0,Yes,12,3,3,3,9,4,2,8,7,1,7,29.1108,0.6914597213809813,16.0,1.2
20,Yes,Travel_Rarely,1097,Research & Development,11,3,Medical,4,Female,98,2,1,Research Scientist,1,Single,18275,1,Yes,15,3,1,0,1,2,3,1,0,0,0,6.63,0.9004329004329004,22.0,1.4
30,Yes,Travel_Frequently,109,Research & Development,5,3,Medical,2,Female,60,3,1,Laboratory Technician,2,Single,25725,0,No,17,3,1,0,4,3,3,3,2,1,2,6.1761,0.8392238392238391,5.0,1.2
26,No,Travel_Rarely,1066,Research & Development,2,2,Medical,4,Male,32,4,2,Manufacturing Director,4,Married,3334,1,No,12,3,2,0,8,2,3,8,7,1,3,13.9536,0.8487668683108422,2.0,1.2
22,No,Travel_Rarely,217,Research & Development,8,1,Life Sciences,2,Male,94,1,1,Laboratory Technician,1,Married,6881,1,No,15,3,1,1,4,3,2,4,3,1,1,6.25005,0.8492723492723493,8.0,1.2
48,No,Travel_Rarely,277,Research & Development,6,3,Life Sciences,1,Male,97,2,2,Healthcare Representative,3,Single,13119,2,No,13,3,4,0,19,0,3,2,2,2,2,10.812,0.6225223902510644,6.0,1.2
48,No,Travel_Rarely,1355,Research & Development,4,4,Life Sciences,3,Male,78,2,3,Healthcare Representative,3,Single,22245,7,No,14,3,2,0,27,3,3,15,11,4,8,28.04745,1.6148876816913817,4.0,1.2
41,No,Travel_Rarely,549,Research & Development,7,2,Medical,4,Female,42,3,2,Manufacturing Director,3,Single,23371,6,No,14,3,2,0,8,6,3,2,2,2,1,12.75765,0.7760198541957499,7.0,1.2
39,No,Travel_Rarely,466,Research & Development,1,1,Life Sciences,4,Female,65,2,4,Manufacturing Director,4,Married,7060,1,No,16,3,3,1,21,3,3,21,6,11,8,32.4921,1.9764231425469212,1.0,1.2
27,No,Travel_Rarely,1055,Research & Development,2,4,Life Sciences,1,Female,47,3,2,Manufacturing Director,4,Married,4658,0,No,18,3,2,1,4,2,3,3,2,2,2,10.77885,0.65565379246161,2.0,1.2
35,No,Travel_Rarely,802,Research & Development,10,3,Other,2,Male,45,3,1,Laboratory Technician,4,Divorced,9541,1,No,20,4,1,1,3,4,2,3,2,1,2,9.98835,1.3572418572418572,10.0,1.2
42,No,Travel_Rarely,265,Sales,5,2,Marketing,4,Male,90,3,5,Manager,3,Married,7770,6,No,13,3,2,0,21,3,4,1,0,0,0,46.67265,1.048612105760692,5.0,1.8
50,No,Travel_Rarely,804,Research & Development,9,3,Life Sciences,1,Male,64,3,1,Laboratory Technician,4,Married,20165,4,No,18,3,2,0,8,5,3,1,0,0,0,6.069,0.8246708246708246,9.0,1.2
59,No,Travel_Rarely,715,Research & Development,2,3,Life Sciences,3,Female,69,2,4,Manufacturing Director,4,Single,21829,3,Yes,13,3,1,0,30,4,3,5,3,4,3,35.0013,2.129052272374748,4.0,1.2
37,Yes,Travel_Rarely,1141,Research & Development,11,2,Medical,1,Female,61,1,2,Healthcare Representative,2,Married,14382,5,No,15,3,1,0,15,2,1,1,0,0,0,12.18135,0.7013654382616356,11.0,1.2
55,No,Travel_Frequently,135,Research & Development,18,4,Medical,3,Male,62,3,2,Healthcare Representative,2,Married,12992,3,Yes,14,3,4,2,17,3,3,8,7,6,7,16.28175,0.9374541183379826,36.0,1.2
41,No,Non-Travel,247,Research & Development,7,1,Life Sciences,2,Female,55,1,5,Research Director,3,Divorced,20284,1,No,22,4,2,2,21,3,3,21,16,5,10,50.93115,1.2097516656571776,7.0,1.2
38,No,Travel_Rarely,1035,Sales,3,4,Life Sciences,2,Male,42,3,2,Sales Executive,4,Single,4981,8,Yes,12,3,3,0,19,1,3,1,0,0,0,17.49555,1.1011073663938373,6.0,1.0
26,Yes,Non-Travel,265,Sales,29,2,Medical,2,Male,79,1,2,Sales Executive,1,Single,21813,8,No,18,3,4,0,7,6,3,2,2,2,2,12.67095,0.7974642914459957,29.0,1.0
52,Yes,Travel_Rarely,266,Sales,2,1,Marketing,1,Female,57,1,5,Manager,4,Married,25846,1,No,15,3,4,1,33,3,3,32,14,6,9,50.60475,1.1369560858231402,2.0,1.8
44,No,Travel_Rarely,1448,Sales,28,3,Medical,4,Female,53,4,4,Sales Executive,4,Married,11737,3,Yes,18,3,3,1,23,2,3,12,11,11,11,33.966,2.137698603755416,56.0,1.0
50,No,Non-Travel,145,Sales,1,3,Life Sciences,4,Female,95,3,2,Sales Executive,3,Married,24920,0,No,12,3,1,1,19,3,3,18,7,0,13,16.18485,1.0186165944471193,1.0,1.0
36,Yes,Travel_Rarely,885,Research & Development,16,4,Life Sciences,3,Female,43,4,1,Laboratory Technician,1,Single,8269,1,No,16,3,3,0,18,1,3,17,13,15,14,6.99465,0.9504504504504504,16.0,1.2
39,No,Travel_Frequently,945,Research & Development,22,3,Medical,4,Female,82,3,3,Manufacturing Director,1,Single,5083,1,Yes,13,3,3,0,21,2,3,21,6,2,8,27.744,1.687606638746704,44.0,1.2
33,No,Non-Travel,1038,Sales,8,1,Life Sciences,2,Female,88,2,1,Sales Representative,4,Single,21437,0,No,19,3,4,0,3,2,2,2,2,2,2,5.9721,0.9081039162466072,8.0,1.2
45,No,Travel_Rarely,1234,Sales,11,2,Life Sciences,4,Female,90,3,4,Manager,4,Married,5404,3,No,13,3,2,1,26,4,4,9,3,1,1,45.0075,1.0112005500014323,11.0,1.8
32,No,Non-Travel,1109,Research & Development,29,4,Medical,4,Female,69,3,1,Laboratory Technician,3,Single,11135,9,No,12,3,2,0,10,2,3,8,7,7,7,10.26375,1.3946638946638947,29.0,1.2
34,No,Travel_Rarely,216,Sales,1,4,Marketing,2,Male,75,4,2,Sales Executive,4,Divorced,12278,0,No,11,3,4,1,16,2,2,15,1,0,9,24.79875,1.5607446637778846,1.0,1.0
59,No,Travel_Rarely,1089,Sales,1,2,Technical Degree,2,Male,66,3,3,Manager,4,Married,11038,3,Yes,14,3,3,1,14,1,1,6,4,0,4,30.3552,0.6820017760462918,2.0,1.8
45,No,Travel_Rarely,788,Human Resources,24,4,Medical,2,Male,36,3,1,Human Resources,2,Single,8318,1,No,16,3,1,0,6,3,3,6,3,0,4,5.55135,0.7038473973488523,24.0,1.2
53,No,Travel_Frequently,124,Sales,2,3,Marketing,3,Female,38,2,3,Sales Executive,2,Married,23537,2,No,12,3,1,1,30,2,3,15,7,6,12,19.18875,1.2076713208152783,2.0,1.0
36,Yes,Travel_Rarely,660,Research & Development,15,3,Other,1,Male,81,3,2,Laboratory Technician,3,Divorced,7858,7,No,14,3,2,1,9,3,2,1,0,0,0,12.3267,1.674982674982675,15.0,1.2
26,Yes,Travel_Frequently,342,Research & Development,2,3,Life Sciences,1,Male,57,3,1,Research Scientist,1,Married,15346,6,Yes,14,3,2,1,6,2,3,3,2,1,2,5.2071,0.7071861471861471,4.0,1.4
34,No,Travel_Rarely,1333,Sales,10,4,Life Sciences,3,Female,87,3,1,Sales Representative,3,Married,18410,1,Yes,19,3,4,1,1,2,3,1,1,0,0,5.661,0.8607987592089956,20.0,1.2
28,No,Travel_Rarely,1144,Sales,10,1,Medical,4,Male,74,3,1,Sales Representative,2,Married,23384,1,No,22,4,2,0,1,5,3,1,0,0,0,2.6826,0.4079100426521907,10.0,1.2
38,No,Travel_Frequently,1186,Research & Development,3,4,Other,3,Male,44,3,1,Research Scientist,3,Married,2997,3,No,16,3,1,1,8,2,3,2,2,2,2,7.19355,0.9769696969696969,3.0,1.4
50,No,Travel_Rarely,1464,Research & Development,2,4,Medical,2,Male,62,3,5,Research Director,3,Married,12853,2,Yes,11,3,4,1,29,2,2,8,1,7,7,49.05435,1.1651726226529378,4.0,1.2
37,No,Travel_Rarely,124,Research & Development,3,3,Other,4,Female,35,3,2,Healthcare Representative,2,Single,13848,3,No,15,3,1,0,8,3,2,4,3,0,1,10.47285,0.6029951548964909,3.0,1.2
40,No,Travel_Rarely,300,Sales,26,3,Marketing,3,Male,74,3,2,Sales Executive,1,Married,22217,1,No,14,3,2,1,8,3,2,7,7,7,5,21.4098,1.3474562670518375,26.0,1.0
26,No,Travel_Frequently,921,Research & Development,1,1,Medical,1,Female,66,2,1,Research Scientist,3,Divorced,25265,1,No,13,3,3,2,5,5,3,5,3,1,3,5.11785,0.695064935064935,1.0,1.4
46,No,Travel_Rarely,430,Research & Development,1,4,Medical,4,Male,40,3,5,Research Director,4,Divorced,21445,9,No,17,3,4,2,23,0,3,2,2,2,2,50.04885,1.1887946698970322,1.0,1.2
54,No,Travel_Rarely,1082,Sales,2,4,Life Sciences,3,Female,41,2,3,Sales Executive,3,Married,8392,6,No,11,3,2,1,13,4,3,9,4,7,0,27.2493,1.714973519499278,2.0,1.0
56,No,Travel_Frequently,1240,Research & Development,9,3,Medical,1,Female,63,3,1,Research Scientist,3,Married,12154,2,No,19,3,2,1,18,4,3,5,4,0,3,7.5021,1.018874458874459,9.0,1.4
36,No,Travel_Rarely,796,Research & Development,12,5,Medical,4,Female,51,2,3,Manufacturing Director,4,Single,15669,0,No,11,3,2,0,15,2,2,14,8,7,8,22.5879,1.3739723902590353,12.0,1.2
55,No,Non-Travel,444,Research & Development,2,1,Medical,3,Male,40,2,4,Manager,1,Single,17323,7,No,15,3,2,0,31,3,4,9,7,6,2,42.7278,0.9599816666189236,2.0,1.8
43,No,Travel_Rarely,415,Sales,25,3,Medical,3,Male,79,2,3,Sales Executive,4,Divorced,5268,5,No,13,3,3,1,18,5,3,1,0,0,0,27.5349,1.7329481624137377,25.0,1.0
20,Yes,Travel_Frequently,769,Sales,9,3,Marketing,4,Female,54,3,1,Sales Representative,4,Single,17205,1,Yes,14,3,2,0,2,3,3,2,2,0,2,5.92365,0.9007367196587824,18.0,1.2
21,Yes,Travel_Rarely,1334,Research & Development,10,3,Life Sciences,3,Female,36,2,1,Laboratory Technician,1,Single,17258,1,No,13,3,1,0,1,6,2,1,0,1,0,3.6108,0.4906444906444906,10.0,1.2
46,No,Travel_Rarely,1003,Research & Development,8,4,Life Sciences,4,Female,74,2,2,Research Scientist,1,Divorced,21029,8,Yes,23,4,1,3,19,2,3,16,13,1,7,11.76825,1.5982683982683983,16.0,1.4
51,Yes,Travel_Rarely,1323,Research & Development,4,4,Life Sciences,1,Male,34,3,1,Research Scientist,3,Married,10332,9,Yes,12,3,3,3,18,2,4,10,0,2,7,6.27555,0.8522943722943723,8.0,1.4
28,Yes,Non-Travel,1366,Research & Development,24,2,Technical Degree,2,Male,72,2,3,Healthcare Representative,1,Single,12355,1,No,12,3,1,0,10,2,2,10,7,1,9,22.2411,1.2805755395683454,24.0,1.2
26,No,Travel_Rarely,192,Research & Development,1,2,Medical,1,Male,59,2,1,Laboratory Technician,1,Married,11141,1,No,16,3,1,2,6,2,3,5,3,1,3,10.08525,1.3704088704088704,1.0,1.2
30,No,Travel_Rarely,1176,Research & Development,20,3,Other,3,Male,85,3,2,Manufacturing Director,1,Married,9096,0,No,15,3,3,1,7,1,2,6,2,0,2,25.39035,1.544439274080968,20.0,1.2
41,No,Travel_Rarely,509,Research & Development,7,2,Technical Degree,2,Female,43,4,1,Research Scientist,3,Married,18863,1,No,13,3,3,0,10,3,3,10,6,0,8,8.6088,1.1691774891774893,7.0,1.4
38,No,Travel_Rarely,330,Research & Development,17,1,Life Sciences,3,Female,65,2,3,Healthcare Representative,3,Married,24608,0,No,18,3,1,1,20,4,2,19,9,1,9,22.49865,1.2954044927323447,17.0,1.2
40,No,Travel_Rarely,1492,Research & Development,20,4,Technical Degree,1,Male,61,3,3,Healthcare Representative,4,Married,26542,4,No,20,4,4,1,14,6,3,11,10,11,1,26.3211,1.5154896490970489,20.0,1.2
27,No,Non-Travel,1277,Research & Development,8,5,Life Sciences,1,Male,87,1,1,Laboratory Technician,3,Married,5869,1,No,19,3,4,3,3,4,3,3,2,1,2,11.78355,1.6011781011781012,8.0,1.2
55,No,Travel_Frequently,1091,Research & Development,2,1,Life Sciences,4,Male,65,3,3,Manufacturing Director,2,Married,15813,3,No,18,3,2,1,23,4,3,3,2,1,2,27.9888,1.702497285559175,2.0,1.2
28,No,Travel_Rarely,857,Research & Development,10,3,Other,3,Female,59,3,2,Research Scientist,3,Single,7909,3,No,13,3,4,0,10,4,4,8,7,1,7,9.333,1.2675324675324675,10.0,1.4
44,Yes,Travel_Rarely,1376,Human Resources,1,2,Medical,2,Male,91,2,3,Human Resources,1,Married,2326,9,No,14,3,4,1,24,1,3,20,6,3,6,26.7291,3.3889427740058196,1.0,1.2
33,No,Travel_Rarely,654,Research & Development,5,3,Life Sciences,4,Male,34,2,3,Healthcare Representative,4,Divorced,21214,4,No,15,3,3,1,9,2,3,3,2,1,2,18.15345,1.0452209660842753,5.0,1.2
35,Yes,Travel_Rarely,1204,Sales,4,3,Technical Degree,4,Male,86,3,3,Sales Executive,1,Single,10333,0,Yes,22,4,1,0,9,2,3,8,7,4,7,24.4341,1.5377948964853154,8.0,1.0
33,Yes,Travel_Frequently,827,Research & Development,29,4,Medical,1,Female,54,2,2,Research Scientist,3,Single,3129,1,No,22,4,2,0,14,4,3,13,7,3,8,11.4954,1.5612121212121213,29.0,1.4
28,No,Travel_Rarely,895,Research & Development,15,2,Life Sciences,1,Male,50,3,1,Laboratory Technician,3,Divorced,22482,1,No,16,3,4,1,4,5,2,4,2,2,2,5.62785,0.7647262647262647,15.0,1.2
34,No,Travel_Frequently,618,Research & Development,3,1,Life Sciences,1,Male,45,3,2,Healthcare Representative,4,Single,22266,0,No,17,3,3,0,7,1,2,6,2,0,4,19.7778,1.1387461459403905,3.0,1.2
37,No,Travel_Rarely,309,Sales,10,4,Life Sciences,4,Female,88,2,2,Sales Executive,4,Divorced,24223,2,Yes,14,3,3,3,8,5,3,1,0,0,0,17.0697,1.0743058899053122,20.0,1.0
25,Yes,Travel_Rarely,1219,Research & Development,4,1,Technical Degree,4,Male,32,3,1,Laboratory Technician,4,Married,4605,1,Yes,15,3,2,1,7,3,4,7,7,5,6,9.41205,1.278932778932779,8.0,1.2
26,Yes,Travel_Rarely,1330,Research & Development,21,3,Medical,1,Male,37,3,1,Laboratory Technician,3,Divorced,19373,1,No,20,4,3,1,1,0,2,1,1,0,0,6.06135,0.8236313236313236,21.0,1.2
33,Yes,Travel_Rarely,1017,Research & Development,25,3,Medical,1,Male,55,2,1,Research Scientist,2,Single,2993,4,Yes,20,4,2,0,5,0,3,2,2,2,2,5.89815,0.8010389610389611,50.0,1.4
42,No,Travel_Rarely,469,Research & Development,2,2,Medical,4,Male,35,3,4,Manager,1,Married,14399,0,No,17,3,4,1,23,3,3,22,6,13,7,45.04575,1.0120599272393938,2.0,1.8
28,Yes,Travel_Frequently,1009,Research & Development,1,3,Medical,1,Male,45,2,1,Laboratory Technician,2,Divorced,7160,1,No,15,3,1,2,1,2,3,1,0,0,0,6.6198,0.8995148995148995,1.0,1.2
50,Yes,Travel_Frequently,959,Sales,1,4,Other,4,Male,81,3,2,Sales Executive,3,Single,17251,3,Yes,14,3,4,0,5,4,3,0,0,0,0,12.0564,0.7587867116032739,2.0,1.0
33,No,Travel_Frequently,970,Sales,7,3,Life Sciences,4,Female,30,3,2,Sales Executive,2,Married,13401,0,No,17,3,3,1,4,3,3,3,2,0,2,10.9701,0.6904188733750601,7.0,1.0
34,No,Non-Travel,697,Research & Development,3,4,Life Sciences,3,Male,40,2,1,Research Scientist,4,Married,22478,3,No,17,3,4,3,6,2,3,0,0,0,0,7.59645,1.0316883116883118,3.0,1.4
48,No,Non-Travel,1262,Research & Development,1,4,Medical,1,Male,35,4,4,Manager,4,Single,16154,2,No,22,4,3,0,27,3,2,5,4,2,1,43.05675,0.9673723108653929,1.0,1.8
45,No,Non-Travel,1050,Sales,9,4,Life Sciences,2,Female,65,2,2,Sales Executive,3,Married,17970,1,No,13,3,4,1,15,2,3,15,10,4,12,14.26215,0.8976087305408441,9.0,1.0
52,No,Travel_Rarely,994,Research & Development,7,4,Life Sciences,2,Male,87,3,3,Healthcare Representative,2,Single,15322,7,No,19,3,4,0,18,4,3,8,6,4,0,26.63475,1.533548671267068,7.0,1.2
38,No,Travel_Rarely,770,Sales,10,4,Marketing,3,Male,73,2,3,Sales Executive,3,Divorced,5569,0,Yes,14,3,2,2,9,2,3,8,7,2,7,22.287,1.402664098860536,20.0,1.0
29,No,Travel_Rarely,1107,Research & Development,28,4,Life Sciences,3,Female,93,3,1,Research Scientist,4,Divorced,26968,4,No,22,4,1,1,11,1,3,7,5,1,7,6.4107,0.8706493506493507,28.0,1.4
28,No,Travel_Rarely,950,Research & Development,3,3,Medical,4,Female,93,3,3,Manufacturing Director,2,Divorced,8039,0,No,17,3,2,3,10,3,2,9,7,1,7,19.52025,1.187373972390259,3.0,1.2
46,No,Travel_Rarely,406,Sales,3,1,Marketing,1,Male,52,3,4,Manager,3,Married,15596,3,No,12,3,4,1,23,3,3,12,9,4,9,44.53575,1.000601564066573,3.0,1.8
38,No,Travel_Rarely,130,Sales,2,2,Marketing,4,Male,32,3,3,Sales Executive,2,Single,20619,7,No,16,3,3,0,10,2,3,1,0,0,0,18.74505,1.1797464291445994,2.0,1.0
43,No,Travel_Frequently,1082,Research & Development,27,3,Life Sciences,3,Female,83,3,3,Manufacturing Director,1,Married,11535,8,No,11,3,3,1,18,1,3,8,7,0,1,27.591,1.6782999844889097,27.0,1.2
39,Yes,Travel_Frequently,203,Research & Development,2,3,Life Sciences,1,Male,84,3,4,Healthcare Representative,4,Divorced,13547,7,No,11,3,4,3,21,4,3,18,7,11,5,31.03095,1.786668624284246,2.0,1.2
40,No,Travel_Rarely,1308,Research & Development,14,3,Medical,3,Male,44,2,5,Research Director,3,Single,17544,1,No,14,3,1,0,21,2,4,20,7,4,9,50.0463,1.1887341005451244,14.0,1.2
21,No,Travel_Rarely,984,Research & Development,1,1,Technical Degree,4,Female,70,2,1,Research Scientist,2,Single,25326,1,Yes,11,3,3,0,2,6,4,2,2,2,2,5.2785,0.7168831168831169,2.0,1.4
39,No,Non-Travel,439,Research & Development,9,3,Life Sciences,3,Male,70,3,2,Laboratory Technician,2,Single,8770,9,No,15,3,3,0,9,2,2,5,4,0,3,17.2941,2.34996534996535,9.0,1.2
36,No,Non-Travel,217,Research & Development,18,4,Life Sciences,1,Male,78,3,2,Manufacturing Director,4,Single,23238,2,No,20,4,1,0,18,0,3,11,9,0,9,19.83645,1.206607724523034,18.0,1.2
31,No,Travel_Frequently,793,Sales,20,3,Life Sciences,3,Male,67,4,1,Sales Representative,4,Married,21981,0,No,12,3,1,1,3,4,3,2,2,2,2,7.11705,1.0822024040325706,20.0,1.2
28,No,Travel_Rarely,1451,Research & Development,2,1,Life Sciences,1,Male,67,2,1,Research Scientist,2,Married,19911,0,No,17,3,1,0,6,2,1,5,3,0,4,8.16255,1.1085714285714285,2.0,1.4
35,No,Travel_Frequently,1182,Sales,11,2,Marketing,4,Male,54,3,2,Sales Executive,4,Divorced,18500,1,No,11,3,4,1,5,3,3,5,2,0,2,12.6684,0.7973038035628309,11.0,1.0
49,No,Travel_Rarely,174,Sales,8,4,Technical Degree,4,Male,56,2,4,Sales Executive,2,Married,11879,6,No,17,3,2,1,22,3,3,9,8,2,3,33.456,2.1056010271224523,8.0,1.0
34,No,Travel_Frequently,1003,Research & Development,2,2,Life Sciences,4,Male,95,3,2,Manufacturing Director,3,Single,15834,2,No,11,3,4,0,5,3,2,3,2,0,2,10.28415,0.6255622770280751,2.0,1.2
29,No,Travel_Frequently,490,Research & Development,10,3,Life Sciences,4,Female,61,3,1,Research Scientist,2,Divorced,17940,0,No,14,3,4,2,8,2,2,7,5,1,1,8.39205,1.1397402597402597,10.0,1.4
42,No,Travel_Rarely,188,Research & Development,29,3,Medical,2,Male,56,1,2,Laboratory Technician,4,Single,9558,4,No,19,3,1,0,16,3,3,1,0,0,0,10.8936,1.48024948024948,29.0,1.2
29,No,Travel_Rarely,718,Research & Development,8,1,Medical,2,Male,79,2,2,Manufacturing Director,4,Married,17689,1,Yes,15,3,3,1,10,2,2,10,7,1,2,12.8928,0.7842407321234682,16.0,1.2
38,No,Travel_Rarely,433,Human Resources,1,3,Human Resources,3,Male,37,4,1,Human Resources,3,Married,6004,1,No,13,3,4,1,7,2,4,7,6,5,0,7.2522,0.9194956353055286,1.0,1.2
28,No,Travel_Frequently,773,Research & Development,6,3,Life Sciences,3,Male,39,2,1,Research Scientist,3,Divorced,22088,1,Yes,14,3,4,1,3,2,3,3,1,0,2,6.89265,0.936103896103896,12.0,1.4
18,Yes,Non-Travel,247,Research & Development,8,1,Medical,3,Male,80,3,1,Laboratory Technician,3,Single,13556,1,No,12,3,4,0,0,0,3,0,0,0,0,4.8552,0.6597366597366597,8.0,1.2
33,Yes,Travel_Rarely,603,Sales,9,4,Marketing,1,Female,77,3,2,Sales Executive,1,Single,18385,0,Yes,17,3,1,0,6,3,3,5,2,0,3,20.9712,1.3198523511474882,18.0,1.0
41,No,Travel_Rarely,167,Research & Development,12,4,Life Sciences,2,Male,46,3,1,Laboratory Technician,4,Married,9051,3,Yes,11,3,1,1,6,4,3,1,0,0,0,12.1533,1.6514206514206513,24.0,1.2
31,Yes,Travel_Frequently,874,Research & Development,15,3,Medical,3,Male,72,3,1,Laboratory Technician,3,Married,6233,1,No,12,3,3,1,2,5,2,2,2,2,2,6.6555,0.9043659043659044,15.0,1.2
37,No,Travel_Rarely,367,Research & Development,25,2,Medical,3,Female,52,2,2,Healthcare Representative,4,Divorced,17171,7,No,13,3,3,2,9,2,3,6,2,1,3,14.61405,0.8414329760681252,25.0,1.2
27,No,Travel_Rarely,199,Research & Development,6,3,Life Sciences,4,Male,55,2,1,Research Scientist,3,Married,7950,1,No,13,3,3,1,4,0,3,4,2,2,2,6.47445,0.8793073593073593,6.0,1.4
34,No,Travel_Rarely,1400,Sales,9,1,Life Sciences,2,Female,70,3,2,Sales Executive,3,Married,5829,1,No,20,4,1,0,6,3,2,6,5,1,3,14.5707,0.9170277644037875,9.0,1.0
35,No,Travel_Rarely,528,Human Resources,8,4,Technical Degree,3,Male,100,3,1,Human Resources,3,Single,7108,1,No,17,3,2,0,6,2,1,5,4,1,4,11.02365,1.3976721629485935,8.0,1.2
29,Yes,Travel_Rarely,408,Sales,23,1,Life Sciences,4,Female,45,2,3,Sales Executive,1,Married,11162,1,No,13,3,1,1,11,3,1,11,8,3,10,18.7068,1.1773391108971272,23.0,1.0
40,No,Travel_Frequently,593,Research & Development,9,4,Medical,2,Female,88,3,3,Research Director,3,Single,13782,9,No,17,3,3,0,20,3,2,18,7,2,13,34.42245,0.817625681405209,9.0,1.2
42,Yes,Travel_Frequently,481,Sales,12,3,Life Sciences,3,Male,44,3,4,Sales Executive,1,Single,2447,0,Yes,12,3,2,0,22,2,2,21,9,13,14,35.0829,2.207992296581608,24.0,1.0
42,No,Travel_Rarely,647,Sales,4,4,Marketing,2,Male,45,3,2,Sales Executive,1,Single,2253,7,No,13,3,4,0,9,3,4,6,4,1,5,13.14525,0.8273150377146525,4.0,1.0
35,No,Travel_Rarely,982,Research & Development,1,4,Medical,4,Male,58,2,1,Laboratory Technician,3,Married,16340,6,No,12,3,2,1,10,2,3,8,0,1,7,5.7579,0.7823977823977825,1.0,1.2
24,No,Travel_Rarely,477,Research & Development,24,3,Medical,4,Male,49,3,1,Laboratory Technician,2,Single,6409,8,No,22,4,4,0,6,2,3,4,3,1,2,9.17235,1.2463617463617462,24.0,1.2
28,Yes,Travel_Rarely,1485,Research & Development,12,1,Life Sciences,3,Female,79,3,1,Laboratory Technician,4,Married,22955,1,Yes,11,3,4,0,1,4,2,1,1,0,0,6.41325,0.8714483714483714,24.0,1.2
26,No,Travel_Rarely,1384,Research & Development,3,4,Medical,1,Male,82,4,1,Laboratory Technician,4,Married,13421,1,No,22,4,2,1,8,2,3,8,7,0,7,11.271,1.5315315315315317,3.0,1.2
30,No,Travel_Rarely,852,Sales,10,3,Marketing,3,Male,72,2,2,Sales Executive,3,Married,2706,1,No,18,3,1,1,10,3,3,10,3,1,4,16.7739,1.055689295458193,10.0,1.0
40,No,Travel_Frequently,902,Research & Development,26,2,Medical,3,Female,92,2,2,Research Scientist,4,Married,21203,3,Yes,13,3,4,1,16,3,1,1,1,0,0,11.2761,1.5314285714285714,52.0,1.4
35,No,Travel_Rarely,819,Research & Development,2,3,Life Sciences,3,Male,44,2,3,Manufacturing Director,2,Divorced,19588,2,No,18,3,2,1,15,2,4,7,7,6,4,26.1987,1.5936094307429811,2.0,1.2
34,No,Travel_Frequently,669,Research & Development,1,3,Medical,4,Male,97,2,2,Healthcare Representative,1,Single,25755,0,No,20,4,3,0,14,3,3,13,9,4,9,13.62465,0.7844663045074145,1.0,1.2
35,No,Travel_Frequently,636,Research & Development,4,4,Other,4,Male,47,2,1,Laboratory Technician,4,Married,26537,1,No,13,3,2,1,2,2,4,2,2,2,2,6.0588,0.8232848232848232,4.0,1.2
43,Yes,Travel_Rarely,1372,Sales,9,3,Marketing,1,Female,85,1,2,Sales Executive,3,Single,9489,8,No,13,3,2,0,7,2,2,4,3,1,3,13.6323,0.8579682233991334,9.0,1.0
32,No,Non-Travel,862,Sales,2,1,Life Sciences,3,Female,76,3,1,Sales Representative,1,Divorced,14947,1,No,12,3,3,3,1,3,3,1,0,0,0,7.20885,1.0961613028305544,2.0,1.2
56,No,Travel_Rarely,718,Research & Development,4,4,Technical Degree,4,Female,92,3,5,Manager,1,Divorced,18575,4,No,13,3,4,1,28,2,3,5,2,4,2,50.85465,1.1425706837778224,4.0,1.8
29,No,Travel_Rarely,1401,Research & Development,6,1,Medical,2,Female,54,3,1,Laboratory Technician,4,Married,26342,1,No,13,3,1,1,10,5,3,10,8,0,8,7.98405,1.0848925848925848,6.0,1.2
19,No,Travel_Rarely,645,Research & Development,9,2,Life Sciences,3,Male,54,3,1,Research Scientist,1,Single,7172,1,No,25,4,3,0,1,4,3,1,1,0,0,6.5076,0.8838095238095238,9.0,1.4
45,No,Travel_Rarely,1457,Research & Development,7,3,Medical,1,Female,83,3,1,Research Scientist,3,Married,20100,4,Yes,19,3,3,1,7,2,2,3,2,0,2,11.41635,1.5504761904761903,14.0,1.4
37,No,Travel_Rarely,977,Research & Development,1,3,Life Sciences,4,Female,56,2,2,Manufacturing Director,4,Married,9961,1,No,13,3,2,1,14,2,2,14,8,3,11,16.5087,1.0041879944160075,1.0,1.2
20,No,Travel_Rarely,805,Research & Development,3,3,Life Sciences,1,Male,87,2,1,Laboratory Technician,3,Single,12828,1,No,12,3,1,0,2,2,2,2,2,1,2,7.73415,1.050935550935551,3.0,1.2
44,Yes,Travel_Rarely,1097,Research & Development,10,4,Life Sciences,3,Male,96,3,1,Research Scientist,3,Single,10826,1,Yes,11,3,3,0,6,4,3,6,4,0,2,7.4868,1.0167965367965368,20.0,1.4
53,No,Travel_Rarely,1223,Research & Development,7,2,Medical,4,Female,50,3,5,Manager,3,Divorced,18640,3,No,18,3,2,1,26,6,3,7,7,4,7,47.4453,1.0659715259675155,7.0,1.8
29,No,Travel_Rarely,942,Research & Development,15,1,Life Sciences,2,Female,69,1,1,Research Scientist,4,Married,26933,0,Yes,18,3,1,1,6,2,2,5,4,1,3,5.5284,0.7508225108225108,30.0,1.4
22,Yes,Travel_Frequently,1256,Research & Development,3,4,Life Sciences,3,Male,48,2,1,Research Scientist,4,Married,4223,0,Yes,11,3,2,1,1,5,3,0,0,0,0,7.27515,0.9880519480519481,6.0,1.4
46,No,Travel_Rarely,1402,Sales,2,3,Marketing,3,Female,69,3,4,Manager,1,Married,24097,8,No,23,4,1,0,28,2,3,26,15,15,9,43.4724,0.9767108768512418,2.0,1.8
44,No,Non-Travel,111,Research & Development,17,3,Life Sciences,4,Male,74,1,1,Research Scientist,3,Single,4279,2,No,13,3,4,0,6,3,3,0,0,0,0,5.8395,0.793073593073593,17.0,1.4
33,No,Travel_Rarely,147,Human Resources,2,3,Human Resources,2,Male,99,3,1,Human Resources,3,Married,8429,1,No,13,3,4,1,5,2,3,5,4,1,4,9.18,1.1639185257032008,2.0,1.2
41,Yes,Non-Travel,906,Research & Development,5,2,Life Sciences,1,Male,95,2,1,Research Scientist,1,Divorced,20293,6,No,17,3,1,1,5,2,1,1,0,0,0,5.37285,0.7296969696969696,5.0,1.4
30,No,Travel_Rarely,1329,Sales,29,4,Life Sciences,3,Male,61,3,2,Sales Executive,1,Divorced,13192,8,No,19,3,3,3,8,3,3,4,3,0,3,10.49325,0.6604076392232386,29.0,1.0
40,No,Travel_Frequently,1184,Sales,2,4,Medical,2,Male,62,3,2,Sales Executive,2,Married,25440,5,No,12,3,4,3,5,2,3,0,0,0,0,11.03385,0.6944310704541806,2.0,1.0
50,No,Travel_Frequently,1421,Research & Development,2,3,Medical,4,Female,30,3,4,Manager,1,Married,9490,2,No,22,4,3,1,32,3,3,2,2,2,2,45.5328,1.0230026640694376,2.0,1.8
28,No,Travel_Rarely,1179,Research & Development,19,4,Medical,4,Male,78,2,1,Laboratory Technician,1,Married,12449,1,No,12,3,3,3,6,2,3,6,5,3,3,8.1498,1.1074151074151075,19.0,1.2
46,No,Travel_Rarely,1450,Research & Development,15,2,Life Sciences,4,Male,52,3,5,Research Director,2,Married,10849,5,No,11,3,1,1,25,2,3,4,2,0,3,48.65655,1.1557238037553,15.0,1.2
35,No,Travel_Rarely,1361,Sales,17,4,Life Sciences,3,Male,94,3,2,Sales Executive,1,Married,21026,3,Yes,15,3,4,3,15,2,3,7,7,1,7,22.8633,1.4389343604557854,34.0,1.0
24,Yes,Travel_Rarely,984,Research & Development,17,2,Life Sciences,4,Female,97,3,1,Laboratory Technician,2,Married,3372,1,No,13,3,1,1,1,3,1,1,0,0,0,5.6355,0.7657657657657658,17.0,1.2
33,No,Travel_Frequently,1146,Sales,25,3,Medical,2,Female,82,3,2,Sales Executive,3,Married,4905,1,No,12,3,1,1,10,3,2,10,7,0,1,11.57445,0.7284545016851227,25.0,1.0
36,No,Travel_Rarely,917,Research & Development,6,4,Life Sciences,3,Male,60,1,1,Laboratory Technician,3,Divorced,6865,1,No,14,3,3,1,7,4,3,7,7,1,7,6.98955,0.9497574497574498,6.0,1.2
30,No,Travel_Rarely,853,Research & Development,7,4,Life Sciences,3,Male,49,3,2,Laboratory Technician,3,Divorced,11309,1,No,13,3,1,3,10,4,2,10,7,8,9,8.90205,1.2096327096327095,7.0,1.2
44,No,Travel_Rarely,200,Research & Development,29,4,Other,4,Male,32,3,2,Research Scientist,4,Single,7744,1,No,25,4,2,0,20,3,3,20,11,13,17,11.57955,1.5726406926406926,29.0,1.4
20,No,Travel_Rarely,654,Sales,21,3,Marketing,3,Male,43,4,1,Sales Representative,4,Single,5050,1,No,17,3,4,0,2,2,3,2,1,2,2,6.8289,1.0383869716944552,21.0,1.2
46,No,Travel_Rarely,150,Research & Development,2,4,Technical Degree,4,Male,60,3,2,Manufacturing Director,4,Divorced,17433,2,No,11,3,3,1,12,3,2,6,3,1,4,18.81645,1.1445633628044052,2.0,1.2
42,No,Non-Travel,179,Human Resources,2,5,Medical,4,Male,79,4,2,Human Resources,1,Married,12858,7,No,16,3,1,1,10,3,4,4,3,0,3,15.9936,2.0278047203362433,2.0,1.2
60,No,Travel_Rarely,696,Sales,7,4,Marketing,2,Male,52,4,2,Sales Executive,4,Divorced,10893,0,Yes,18,3,2,1,12,3,3,11,7,1,9,13.311,0.8377467501203658,14.0,1.0
32,No,Travel_Frequently,116,Research & Development,13,3,Other,3,Female,77,2,1,Laboratory Technician,2,Married,7331,1,No,20,4,3,1,2,2,3,2,2,2,2,6.99465,0.9504504504504504,13.0,1.2
32,No,Travel_Frequently,1316,Research & Development,2,2,Life Sciences,4,Female,38,3,2,Research Scientist,3,Single,2338,4,Yes,14,3,4,0,10,2,3,8,7,0,7,12.7449,1.7309090909090907,4.0,1.4
36,No,Travel_Rarely,363,Research & Development,1,3,Technical Degree,3,Female,77,1,3,Manufacturing Director,1,Divorced,4235,2,Yes,21,4,3,1,17,2,3,7,7,7,7,26.1426,1.5901969908484568,2.0,1.2
33,No,Travel_Rarely,117,Research & Development,9,3,Medical,1,Male,60,3,1,Research Scientist,4,Married,6311,0,No,13,3,2,1,15,5,3,14,10,4,10,7.09155,0.963116883116883,9.0,1.4
40,No,Travel_Rarely,107,Sales,10,3,Technical Degree,2,Female,84,2,2,Sales Executive,2,Divorced,11591,7,No,12,3,2,1,7,2,4,5,1,1,3,17.4726,1.0996629754453537,10.0,1.0
25,No,Travel_Rarely,1356,Sales,10,4,Life Sciences,3,Male,57,3,2,Sales Executive,4,Single,20623,0,No,14,3,2,0,5,4,3,4,3,1,1,12.6225,0.7944150216658642,10.0,1.0
30,No,Travel_Rarely,1465,Research & Development,1,3,Medical,4,Male,63,3,1,Research Scientist,2,Married,9369,0,Yes,21,4,1,1,12,2,3,11,9,5,7,9.12645,1.2394805194805194,2.0,1.4
42,No,Travel_Frequently,458,Research & Development,26,5,Medical,1,Female,60,3,3,Research Director,1,Married,23281,3,Yes,17,3,3,0,20,6,3,1,0,0,0,33.63705,0.7989703210175653,52.0,1.2
35,No,Non-Travel,1212,Sales,8,2,Marketing,3,Female,78,2,3,Sales Executive,4,Married,13755,4,Yes,11,3,2,1,16,6,2,13,2,4,12,26.46135,1.665382763601348,16.0,1.0
27,No,Travel_Rarely,1103,Research & Development,14,3,Life Sciences,1,Male,42,3,1,Research Scientist,1,Married,14377,1,Yes,14,3,4,2,9,3,2,9,7,6,8,5.69925,0.7740259740259741,28.0,1.4
54,No,Travel_Frequently,966,Research & Development,1,4,Life Sciences,4,Female,53,3,3,Manufacturing Director,3,Divorced,9659,7,No,17,3,1,1,33,2,1,5,4,1,4,26.7801,1.6289747169225997,1.0,1.2
44,No,Travel_Rarely,1117,Research & Development,2,1,Life Sciences,1,Female,72,4,1,Research Scientist,4,Married,19982,1,No,13,3,4,1,10,5,3,10,5,7,7,5.12805,0.6964502164502164,2.0,1.4
19,Yes,Non-Travel,504,Research & Development,10,3,Medical,1,Female,96,2,1,Research Scientist,2,Single,6148,1,Yes,25,4,2,0,1,2,4,1,1,0,0,4.74045,0.6438095238095238,20.0,1.4
29,No,Travel_Rarely,1010,Research & Development,1,3,Life Sciences,1,Female,97,3,1,Research Scientist,4,Divorced,5598,1,No,15,3,1,3,3,5,3,3,2,1,2,9.588,1.302164502164502,1.0,1.4
54,No,Travel_Rarely,685,Research & Development,3,3,Life Sciences,4,Male,85,3,4,Research Director,4,Married,23474,3,No,14,3,1,0,36,2,3,10,9,0,9,45.33645,1.076862507571169,3.0,1.2
31,No,Travel_Rarely,1332,Research & Development,11,2,Medical,3,Male,80,3,2,Healthcare Representative,1,Married,17089,1,Yes,12,3,4,0,6,2,2,6,5,0,1,17.42415,1.0032300690060196,22.0,1.2
31,No,Travel_Rarely,1062,Research & Development,24,3,Medical,3,Female,96,2,2,Healthcare Representative,1,Single,17198,1,No,19,3,2,0,10,2,3,10,9,1,8,17.3706,1.0001468213184554,24.0,1.2
59,No,Travel_Rarely,326,Sales,3,3,Life Sciences,3,Female,48,2,2,Sales Executive,4,Single,16490,5,No,17,3,4,0,13,2,3,6,1,0,5,13.18605,0.8298828438452897,3.0,1.0
43,No,Travel_Rarely,920,Research & Development,3,3,Life Sciences,3,Male,96,1,5,Research Director,4,Married,18625,3,No,14,3,2,1,25,2,3,8,7,0,7,50.337,1.1956390066626288,3.0,1.2
49,No,Travel_Rarely,1098,Research & Development,4,2,Medical,1,Male,85,2,5,Manager,3,Married,12124,2,No,13,3,3,1,23,2,4,1,0,0,0,47.71305,1.0719871666332466,4.0,1.8
36,No,Travel_Frequently,469,Research & Development,3,3,Technical Degree,3,Male,46,3,1,Research Scientist,2,Married,9256,1,No,12,3,3,0,12,2,2,11,10,0,7,9.4146,1.2786147186147185,3.0,1.4
48,No,Travel_Rarely,969,Research & Development,2,2,Technical Degree,4,Male,76,4,1,Laboratory Technician,2,Single,16620,5,No,11,3,3,0,7,4,2,1,0,0,0,6.52545,0.8866943866943867,2.0,1.2
27,No,Travel_Rarely,1167,Research & Development,4,2,Life Sciences,1,Male,76,3,1,Research Scientist,3,Divorced,3208,1,No,11,3,2,3,5,2,3,5,3,0,3,6.41835,0.8716883116883117,4.0,1.4
29,No,Travel_Rarely,1329,Research & Development,7,3,Life Sciences,3,Male,82,3,2,Healthcare Representative,4,Divorced,4204,1,Yes,11,3,2,2,6,2,3,6,0,1,0,16.88865,0.9723975921303772,14.0,1.2
48,No,Travel_Rarely,715,Research & Development,1,3,Life Sciences,4,Male,76,2,5,Research Director,4,Single,8733,6,No,12,3,3,0,25,3,4,1,0,0,0,46.57575,1.1062992125984252,1.0,1.2
29,No,Travel_Rarely,694,Research & Development,1,3,Life Sciences,4,Female,87,2,4,Research Director,4,Divorced,3423,3,No,14,3,2,2,9,2,2,7,7,1,7,41.1162,0.9766202301635373,1.0,1.2
34,No,Travel_Rarely,1320,Research & Development,20,3,Technical Degree,3,Female,89,4,1,Research Scientist,3,Married,21643,0,No,17,3,4,0,2,5,2,1,0,0,0,6.59175,0.8952380952380953,20.0,1.4
44,No,Travel_Rarely,1099,Sales,5,3,Marketing,2,Male,88,3,5,Manager,2,Married,8751,7,No,11,3,3,1,26,5,3,22,9,3,10,46.44315,1.0434558423329228,5.0,1.8
33,No,Travel_Rarely,536,Sales,10,5,Marketing,4,Male,82,4,3,Sales Executive,3,Divorced,21708,0,Yes,14,3,4,2,10,3,3,9,8,0,8,21.369,1.3448884609212004,20.0,1.0
19,No,Travel_Rarely,265,Research & Development,25,3,Life Sciences,2,Female,57,4,1,Research Scientist,4,Single,21221,1,Yes,12,3,4,0,1,2,3,1,0,0,1,7.6347,1.0368831168831167,50.0,1.4
23,No,Travel_Rarely,373,Research & Development,1,2,Life Sciences,4,Male,47,3,1,Research Scientist,3,Married,16901,1,No,22,4,4,1,1,2,3,1,0,0,1,3.11865,0.42354978354978357,1.0,1.4
25,Yes,Travel_Frequently,599,Sales,24,1,Life Sciences,3,Male,73,1,1,Sales Representative,4,Single,8040,1,Yes,14,3,4,0,1,4,3,1,0,1,0,2.8509,0.4335013571151609,48.0,1.2
26,No,Travel_Rarely,583,Research & Development,4,2,Life Sciences,3,Male,53,3,1,Research Scientist,4,Single,9973,1,Yes,20,4,2,0,8,2,2,8,5,2,2,7.33125,0.9956709956709956,8.0,1.4
45,Yes,Travel_Rarely,1449,Sales,2,3,Marketing,1,Female,94,1,5,Manager,2,Single,2493,2,Yes,16,3,1,0,26,2,3,24,10,1,11,48.0012,1.07846114182589,4.0,1.8
55,No,Non-Travel,177,Research & Development,8,1,Medical,4,Male,37,2,4,Healthcare Representative,2,Divorced,25592,1,Yes,15,3,4,1,34,3,3,33,9,15,0,34.62135,1.993393040669505,16.0,1.2
21,Yes,Travel_Frequently,251,Research & Development,10,2,Life Sciences,1,Female,45,2,1,Laboratory Technician,3,Single,25308,1,No,20,4,3,0,2,2,1,2,2,2,2,6.69375,0.9095634095634095,10.0,1.2
46,No,Travel_Rarely,168,Sales,4,2,Marketing,4,Female,33,2,5,Manager,2,Married,9946,2,No,14,3,3,1,26,2,3,11,4,0,8,47.91195,1.0764559282706465,4.0,1.8
34,No,Travel_Rarely,131,Sales,2,3,Marketing,3,Female,86,3,2,Sales Executive,1,Single,6039,0,Yes,12,3,4,0,4,3,3,3,2,0,2,11.5719,0.7282940138019579,4.0,1.0
51,No,Travel_Frequently,237,Sales,9,3,Life Sciences,4,Male,83,3,5,Manager,2,Divorced,19196,4,Yes,24,4,1,1,31,5,2,29,10,11,10,50.60985,1.1370706694548685,18.0,1.8
59,No,Travel_Rarely,1429,Research & Development,18,4,Medical,4,Male,67,3,3,Manufacturing Director,4,Single,20002,6,No,12,3,4,0,25,6,2,9,7,5,4,26.8056,1.6305258259655653,18.0,1.2
34,No,Travel_Frequently,135,Research & Development,19,3,Medical,3,Female,46,3,2,Laboratory Technician,2,Divorced,22534,4,No,13,3,3,2,15,2,4,11,8,5,10,11.3322,1.5398475398475397,19.0,1.2
28,No,Travel_Frequently,791,Research & Development,1,4,Medical,4,Male,44,3,1,Laboratory Technician,3,Single,6842,0,Yes,11,3,3,0,5,2,2,4,2,0,2,5.4927,0.7463617463617463,2.0,1.2
44,No,Travel_Rarely,1199,Research & Development,4,2,Life Sciences,3,Male,92,4,5,Manager,1,Divorced,17477,1,No,14,3,4,2,26,4,2,25,9,14,13,48.9345,1.0994299464321522,4.0,1.8
34,No,Travel_Frequently,648,Human Resources,11,3,Life Sciences,3,Male,56,2,2,Human Resources,2,Married,21833,4,No,11,3,4,2,14,5,4,10,9,1,8,11.4495,1.4516650501131587,11.0,1.2
35,No,Travel_Rarely,735,Research & Development,6,1,Life Sciences,3,Male,66,3,1,Research Scientist,3,Married,6020,0,Yes,14,3,4,0,4,3,3,3,2,2,2,8.9403,1.2141991341991343,12.0,1.4
42,No,Travel_Rarely,603,Research & Development,7,4,Medical,2,Female,78,4,2,Research Scientist,2,Married,5628,6,Yes,16,3,4,0,18,2,3,1,0,0,0,6.0486,0.8214718614718615,14.0,1.4
43,No,Travel_Rarely,531,Sales,4,4,Marketing,4,Female,56,2,3,Sales Executive,4,Single,20364,3,No,14,3,4,0,23,3,4,21,7,15,17,26.08905,1.6419515326592842,4.0,1.0
36,No,Travel_Rarely,429,Research & Development,2,4,Life Sciences,3,Female,53,3,2,Manufacturing Director,2,Single,2323,9,Yes,11,3,4,0,18,2,3,16,14,5,12,13.7955,0.8391499922444549,4.0,1.2
44,Yes,Travel_Rarely,621,Research & Development,15,3,Medical,1,Female,73,3,3,Healthcare Representative,4,Married,14075,1,No,11,3,4,1,10,2,3,10,7,0,5,20.3439,1.1713404786374981,15.0,1.2
28,No,Travel_Frequently,193,Research & Development,2,3,Life Sciences,4,Male,52,2,1,Laboratory Technician,4,Married,14222,1,Yes,12,3,2,1,2,2,3,2,2,2,2,9.86085,1.3399168399168397,4.0,1.2
51,No,Travel_Frequently,968,Research & Development,6,2,Medical,2,Female,40,2,1,Laboratory Technician,3,Single,4257,0,No,14,3,2,0,8,6,2,7,0,7,7,7.2369,0.9833679833679834,6.0,1.2
30,No,Non-Travel,879,Research & Development,9,2,Medical,3,Female,72,3,2,Manufacturing Director,3,Single,12858,7,Yes,18,3,3,0,10,3,3,8,4,1,7,11.97225,0.7282456956724058,18.0,1.2
29,Yes,Travel_Rarely,806,Research & Development,7,3,Technical Degree,2,Female,39,3,1,Laboratory Technician,3,Divorced,17285,3,Yes,13,3,1,2,10,2,3,7,7,7,7,8.51445,1.156964656964657,14.0,1.2
28,No,Travel_Rarely,640,Research & Development,1,3,Technical Degree,4,Male,84,3,1,Research Scientist,1,Single,4732,2,No,11,3,2,0,5,2,2,3,2,1,2,5.304,0.7203463203463204,1.0,1.4
25,No,Travel_Rarely,266,Research & Development,1,3,Medical,4,Female,40,3,1,Research Scientist,2,Single,18830,1,No,18,3,4,0,2,3,2,2,2,2,1,5.3448,0.7258874458874459,1.0,1.4
32,No,Travel_Rarely,604,Sales,8,3,Medical,3,Male,56,4,2,Sales Executive,4,Married,11693,1,No,15,3,3,2,10,4,4,10,7,0,8,15.83295,0.9964692665703739,8.0,1.0
45,No,Travel_Frequently,364,Research & Development,25,3,Medical,2,Female,83,3,5,Manager,2,Single,13035,3,No,22,4,3,0,22,4,3,0,0,0,0,46.05555,1.0347474863215789,25.0,1.8
39,No,Travel_Rarely,412,Research & Development,13,4,Medical,3,Female,94,2,4,Manager,2,Divorced,17334,6,Yes,13,3,4,2,21,4,3,19,9,15,2,43.66365,0.9810077630410495,26.0,1.8
58,No,Travel_Rarely,848,Research & Development,23,4,Life Sciences,1,Male,88,3,1,Research Scientist,3,Divorced,26076,1,No,12,3,4,2,2,3,3,2,2,2,2,6.0486,0.8214718614718615,23.0,1.4
32,Yes,Travel_Rarely,1089,Research & Development,7,2,Life Sciences,4,Male,79,3,2,Laboratory Technician,3,Married,22845,1,No,18,3,1,1,10,3,3,10,4,1,1,12.45165,1.691961191961192,7.0,1.2
39,Yes,Travel_Rarely,360,Research & Development,23,3,Medical,3,Male,93,3,1,Research Scientist,1,Single,22154,0,No,13,3,1,0,6,2,3,5,2,0,3,9.9552,1.352034632034632,23.0,1.4
30,No,Travel_Rarely,1138,Research & Development,6,3,Technical Degree,1,Female,48,2,2,Laboratory Technician,4,Married,23631,0,No,12,3,1,1,10,6,3,9,2,6,7,11.79885,1.6032571032571032,6.0,1.2
36,No,Travel_Rarely,325,Research & Development,10,4,Technical Degree,4,Female,63,3,3,Healthcare Representative,3,Married,5747,3,No,12,3,1,0,10,0,3,7,7,1,7,18.0897,1.0415504331228895,10.0,1.2
46,No,Travel_Rarely,991,Human Resources,1,2,Life Sciences,4,Female,44,3,1,Human Resources,1,Single,22957,6,No,12,3,3,0,10,3,4,7,6,5,7,8.72865,1.1066925315227933,1.0,1.2
28,No,Non-Travel,1476,Research & Development,1,3,Life Sciences,3,Female,55,1,2,Laboratory Technician,4,Married,16392,0,No,11,3,1,3,10,6,3,9,8,7,5,17.0187,2.3125433125433124,1.0,1.2
50,No,Travel_Rarely,1322,Research & Development,28,3,Life Sciences,4,Female,43,3,4,Research Director,1,Married,22422,4,Yes,11,3,2,0,25,2,3,3,2,1,2,43.044,1.0224106602059357,56.0,1.2
40,Yes,Travel_Rarely,299,Sales,25,4,Marketing,4,Male,57,2,3,Sales Executive,2,Single,17235,2,Yes,12,3,3,0,9,2,3,5,4,1,0,23.1897,1.4594768095008825,50.0,1.0
52,Yes,Travel_Rarely,1030,Sales,5,3,Life Sciences,2,Male,64,3,3,Sales Executive,2,Single,21534,9,Yes,19,3,3,0,10,2,2,8,7,7,7,21.5373,1.3554806612100785,10.0,1.0
30,No,Travel_Rarely,634,Research & Development,17,4,Medical,2,Female,95,3,3,Manager,1,Married,25927,1,Yes,23,4,4,2,9,2,3,9,1,0,8,30.3858,0.682689277836661,34.0,1.8
39,No,Travel_Rarely,524,Research & Development,18,2,Life Sciences,1,Male,32,3,2,Manufacturing Director,3,Single,13352,0,No,11,3,1,0,9,6,3,8,7,1,7,11.5617,0.7032728400806577,18.0,1.2
31,No,Non-Travel,587,Sales,2,4,Life Sciences,4,Female,57,3,3,Sales Executive,3,Divorced,8935,1,Yes,19,3,1,1,10,5,2,10,8,9,6,25.1226,1.5811266249398168,4.0,1.0
41,No,Non-Travel,256,Sales,10,2,Medical,3,Male,40,1,2,Sales Executive,2,Single,22074,1,No,13,3,1,0,19,4,3,19,2,11,9,15.68505,0.9871609693468143,10.0,1.0
31,Yes,Travel_Frequently,1060,Sales,1,3,Life Sciences,4,Female,54,3,1,Sales Representative,2,Single,8319,1,Yes,11,3,1,0,3,2,4,3,2,2,2,5.8701,0.8925940286932919,2.0,1.2
44,Yes,Travel_Rarely,935,Research & Development,3,3,Life Sciences,1,Male,89,3,1,Laboratory Technician,1,Married,14669,4,No,12,3,3,0,10,4,4,3,2,1,2,6.0231,0.8184338184338185,3.0,1.2
42,No,Non-Travel,495,Research & Development,2,1,Life Sciences,3,Male,37,3,4,Manager,3,Married,26582,0,Yes,13,3,4,0,21,3,2,20,8,2,10,45.54555,1.0232891231487582,4.0,1.8
55,No,Travel_Rarely,282,Research & Development,2,2,Medical,4,Female,58,1,5,Manager,3,Married,6992,4,No,14,3,4,1,23,5,3,19,9,9,11,48.92685,1.0992580709845599,2.0,1.8
56,No,Travel_Rarely,206,Human Resources,8,4,Life Sciences,4,Male,99,3,5,Manager,2,Single,4022,6,No,14,3,1,0,36,4,3,7,3,7,7,50.27835,1.129622733392535,8.0,1.8
40,No,Non-Travel,458,Research & Development,16,2,Life Sciences,3,Male,74,3,1,Research Scientist,3,Divorced,8532,9,No,16,3,2,1,6,0,3,4,2,0,0,9.0372,1.2273593073593074,16.0,1.4
34,No,Travel_Rarely,943,Research & Development,9,3,Life Sciences,4,Male,86,3,3,Healthcare Representative,4,Divorced,5494,0,No,11,3,4,1,10,0,2,9,7,1,6,21.675,1.2479812068712377,9.0,1.2
40,No,Travel_Rarely,523,Research & Development,2,3,Life Sciences,3,Male,98,3,2,Research Scientist,4,Single,22455,1,No,13,3,3,0,9,4,3,9,8,8,8,11.88555,1.6141991341991342,2.0,1.4
41,No,Travel_Frequently,1018,Sales,1,3,Marketing,3,Female,66,3,2,Sales Executive,1,Divorced,4297,0,No,17,3,4,1,10,2,3,9,3,1,7,10.46265,0.6584817846252607,1.0,1.0
35,No,Travel_Frequently,482,Research & Development,4,4,Life Sciences,3,Male,87,3,2,Research Scientist,3,Single,2690,1,Yes,11,3,2,0,9,3,3,9,6,1,1,10.83495,1.4715151515151514,8.0,1.4
51,No,Travel_Rarely,770,Human Resources,5,3,Life Sciences,3,Male,84,3,4,Manager,2,Divorced,17588,1,Yes,11,3,2,1,33,2,3,33,9,0,10,35.7663,0.8035750093099201,10.0,1.8
38,No,Travel_Rarely,1009,Sales,2,2,Life Sciences,2,Female,31,3,2,Sales Executive,1,Divorced,19461,3,No,15,3,4,1,11,3,3,7,7,1,7,17.57715,1.1062429786551113,2.0,1.0
34,No,Travel_Rarely,507,Sales,15,2,Medical,3,Female,66,3,2,Sales Executive,1,Single,23553,1,No,12,3,4,0,10,6,4,10,8,9,6,15.61875,0.9829882843845289,15.0,1.0
25,No,Travel_Rarely,882,Research & Development,19,1,Medical,4,Male,67,3,1,Laboratory Technician,4,Married,9075,3,No,11,3,3,3,7,6,2,3,2,1,2,9.35595,1.2713097713097712,19.0,1.2
58,Yes,Travel_Rarely,601,Research & Development,7,4,Medical,3,Female,53,2,3,Manufacturing Director,1,Married,12023,7,Yes,14,3,4,0,31,0,2,10,9,5,9,25.5204,1.552349930200093,14.0,1.2
40,No,Travel_Rarely,329,Research & Development,1,4,Life Sciences,2,Male,88,3,1,Laboratory Technician,2,Married,6762,3,No,22,4,3,1,7,3,3,4,2,0,3,6.08685,0.8270963270963271,1.0,1.2
36,No,Travel_Frequently,607,Sales,7,3,Marketing,1,Female,83,4,2,Sales Executive,1,Married,2261,2,No,16,3,4,1,17,2,2,15,7,6,13,11.82945,0.7445032900016048,7.0,1.0
48,No,Travel_Rarely,855,Research & Development,4,3,Life Sciences,4,Male,54,3,3,Manufacturing Director,4,Single,18706,1,No,11,3,3,0,11,2,3,10,9,0,8,20.1399,1.225065922134326,4.0,1.2
27,No,Travel_Rarely,1291,Sales,11,3,Medical,3,Female,98,4,1,Sales Representative,4,Married,6527,8,No,14,3,2,1,5,4,3,1,0,0,0,6.4617,0.9825513765025203,11.0,1.2
51,No,Travel_Rarely,1405,Research & Development,11,2,Technical Degree,4,Female,82,2,4,Manufacturing Director,2,Single,24439,3,No,16,3,2,0,29,1,2,5,2,0,3,33.5121,2.0384675042655496,11.0,1.2
18,No,Non-Travel,1124,Research & Development,1,3,Life Sciences,4,Female,97,3,1,Laboratory Technician,4,Single,19305,1,No,15,3,3,0,0,5,4,0,0,0,0,4.10805,0.5582120582120582,1.0,1.2
35,No,Travel_Rarely,817,Research & Development,1,3,Medical,4,Female,60,2,2,Laboratory Technician,4,Married,10846,0,No,12,3,2,1,10,0,3,9,7,0,0,13.67565,1.8582813582813582,1.0,1.2
27,No,Travel_Frequently,793,Sales,2,1,Life Sciences,4,Male,43,1,2,Sales Executive,4,Single,20392,3,No,20,4,2,0,8,3,3,6,2,0,0,12.93105,0.8138340555288076,2.0,1.0
55,Yes,Travel_Rarely,267,Sales,13,4,Marketing,1,Male,85,4,4,Sales Executive,3,Single,9277,6,Yes,17,3,3,0,24,2,2,19,7,3,8,34.92225,2.197881559942224,26.0,1.0
56,No,Travel_Rarely,1369,Research & Development,23,3,Life Sciences,4,Male,68,3,4,Manufacturing Director,2,Married,18235,4,Yes,12,3,1,1,33,0,3,19,16,15,9,34.1751,2.0787963393826585,46.0,1.2
34,No,Non-Travel,999,Research & Development,26,1,Technical Degree,1,Female,92,2,1,Research Scientist,3,Divorced,15891,1,No,20,4,3,3,5,2,3,5,4,0,0,5.17395,0.7026839826839826,26.0,1.4
40,No,Travel_Rarely,1202,Research & Development,2,1,Medical,2,Female,89,4,2,Healthcare Representative,3,Divorced,13888,5,No,20,4,2,3,15,0,3,12,11,11,8,16.26135,0.9362795477903392,2.0,1.2
34,No,Travel_Rarely,285,Research & Development,29,3,Medical,2,Male,86,3,2,Laboratory Technician,3,Married,17491,4,No,13,3,1,2,10,1,3,8,7,7,7,13.84395,1.8811503811503811,29.0,1.2
31,Yes,Travel_Frequently,703,Sales,2,3,Life Sciences,3,Female,90,2,1,Sales Representative,4,Single,11882,7,No,14,3,3,0,3,3,4,1,0,0,0,7.10175,1.0798759208995734,2.0,1.2
35,Yes,Travel_Frequently,662,Sales,18,4,Marketing,4,Female,67,3,2,Sales Executive,3,Married,23288,0,Yes,18,3,3,1,5,0,2,4,2,3,2,11.7657,0.7404910929224844,36.0,1.0
38,No,Travel_Frequently,693,Research & Development,7,3,Life Sciences,4,Male,57,4,1,Research Scientist,3,Divorced,15748,1,No,11,3,4,3,4,2,3,4,2,0,3,6.6555,0.9038961038961039,7.0,1.4
34,No,Travel_Rarely,404,Research & Development,2,4,Technical Degree,3,Female,98,3,2,Healthcare Representative,4,Single,6163,1,No,11,3,4,0,14,2,4,14,11,4,11,17.05185,0.9817941565115256,2.0,1.2
28,No,Travel_Rarely,736,Sales,26,3,Life Sciences,3,Male,48,2,2,Sales Executive,1,Married,24232,1,No,11,3,3,1,5,0,3,5,3,0,4,12.0462,0.7581447600706147,26.0,1.0
31,Yes,Travel_Rarely,330,Research & Development,22,4,Medical,4,Male,98,3,2,Manufacturing Director,3,Married,21057,1,Yes,15,3,4,2,10,3,2,10,2,6,7,15.75645,0.9584302776485186,44.0,1.2
39,No,Travel_Rarely,1498,Sales,21,4,Life Sciences,1,Male,44,2,2,Sales Executive,4,Married,3567,3,Yes,12,3,4,2,8,2,4,5,4,1,4,15.606,0.9821858449687048,42.0,1.0
51,No,Travel_Frequently,541,Sales,2,3,Marketing,2,Male,52,3,3,Sales Executive,2,Married,15395,2,No,11,3,2,0,14,5,3,4,2,3,2,27.0198,1.7005296100144438,2.0,1.0
41,No,Travel_Frequently,1200,Research & Development,22,3,Life Sciences,4,Female,75,3,2,Research Scientist,4,Divorced,13953,3,Yes,14,3,1,2,12,4,2,6,2,3,3,13.94085,1.893333333333333,44.0,1.4
37,No,Travel_Rarely,1439,Research & Development,4,1,Life Sciences,3,Male,54,3,1,Research Scientist,3,Married,5182,7,Yes,15,3,4,0,8,2,3,6,4,1,3,7.6398,1.0375757575757576,8.0,1.4
33,No,Travel_Frequently,1111,Sales,5,1,Life Sciences,2,Male,61,3,2,Sales Executive,4,Married,19293,6,No,13,3,1,0,8,2,4,5,4,1,2,25.4949,1.604557855881881,5.0,1.0
32,No,Travel_Rarely,499,Sales,2,1,Marketing,3,Male,36,3,2,Sales Executive,2,Married,20497,0,Yes,13,3,1,3,4,3,2,3,2,1,2,10.3989,0.6544695875461402,4.0,1.0
39,No,Non-Travel,1485,Research & Development,25,2,Life Sciences,3,Male,71,3,3,Healthcare Representative,3,Married,3449,3,No,21,4,2,1,13,2,3,6,4,0,5,27.846,1.6032887975334018,25.0,1.2
25,No,Travel_Rarely,1372,Sales,18,1,Life Sciences,1,Male,93,4,2,Sales Executive,3,Married,12477,2,No,11,3,2,0,6,3,2,3,2,1,2,15.8916,1.0001604878831647,18.0,1.0
52,No,Travel_Frequently,322,Research & Development,28,2,Medical,4,Female,59,4,4,Manufacturing Director,3,Married,9731,2,Yes,11,3,2,1,24,3,2,5,3,0,2,33.77985,2.05475414921669,56.0,1.2
43,No,Travel_Rarely,930,Research & Development,6,3,Medical,1,Female,73,2,2,Research Scientist,3,Single,20003,1,Yes,14,3,1,0,20,3,1,20,7,1,8,10.40655,1.413333333333333,12.0,1.4
27,No,Travel_Rarely,205,Sales,10,3,Marketing,4,Female,98,2,2,Sales Executive,4,Married,7100,1,Yes,11,3,4,0,6,3,3,6,2,4,4,14.71095,0.9258545979778526,20.0,1.0
27,Yes,Travel_Rarely,135,Research & Development,17,4,Life Sciences,4,Female,51,3,1,Research Scientist,3,Single,25681,1,Yes,13,3,4,0,8,2,3,8,2,7,7,6.1047,0.8290909090909091,34.0,1.4
26,No,Travel_Rarely,683,Research & Development,2,1,Medical,1,Male,36,2,1,Research Scientist,4,Single,4050,0,No,12,3,4,0,5,2,3,4,3,1,1,9.9552,1.352034632034632,2.0,1.4
42,No,Travel_Rarely,1147,Human Resources,10,3,Human Resources,3,Female,31,3,4,Manager,1,Married,16616,0,No,14,3,3,1,21,5,3,20,7,0,9,42.83745,0.9624452147010799,10.0,1.8
52,No,Travel_Rarely,258,Research & Development,8,4,Other,3,Female,54,3,1,Laboratory Technician,1,Married,17363,9,No,13,3,3,0,12,2,1,5,4,0,4,7.5225,1.022176022176022,8.0,1.2
37,No,Travel_Rarely,1462,Research & Development,11,3,Medical,1,Female,94,3,1,Laboratory Technician,3,Single,19106,4,No,18,3,1,0,8,6,3,3,2,0,2,9.25395,1.2574497574497574,11.0,1.2
35,No,Travel_Frequently,200,Research & Development,18,2,Life Sciences,3,Male,60,3,3,Manufacturing Director,4,Single,19944,2,No,11,3,3,0,10,2,3,2,2,2,2,23.8731,1.4521482860245076,18.0,1.2
25,No,Travel_Rarely,949,Research & Development,1,3,Technical Degree,1,Male,81,3,1,Laboratory Technician,4,Married,4910,4,No,11,3,2,1,7,2,2,3,2,0,2,8.23395,1.1188496188496189,1.0,1.2
26,No,Travel_Rarely,652,Research & Development,7,3,Other,3,Male,100,4,1,Laboratory Technician,1,Single,23577,0,No,12,3,4,0,8,2,3,7,7,0,7,9.1239,1.2397782397782398,7.0,1.2
29,No,Travel_Rarely,332,Human Resources,17,3,Other,2,Male,51,2,3,Human Resources,1,Single,9769,1,No,13,3,1,0,10,3,2,10,9,0,9,20.3694,2.5826058842547686,17.0,1.2
49,Yes,Travel_Frequently,1475,Research & Development,28,2,Life Sciences,1,Male,97,2,2,Laboratory Technician,1,Single,22710,3,No,20,4,1,0,20,2,3,4,3,1,3,10.9242,1.4844074844074844,28.0,1.2
29,Yes,Travel_Frequently,337,Research & Development,14,1,Other,3,Female,84,3,3,Healthcare Representative,4,Single,22930,0,Yes,12,3,1,0,9,1,3,8,7,7,7,19.26015,1.1089414182939363,28.0,1.2
54,No,Travel_Rarely,971,Research & Development,1,3,Medical,4,Female,54,3,4,Research Director,4,Single,5652,6,No,19,3,4,0,29,3,2,20,7,12,7,44.1864,1.0495457298606905,1.0,1.2
58,No,Travel_Rarely,1055,Research & Development,1,3,Medical,4,Female,76,3,5,Research Director,1,Married,22456,3,Yes,21,4,3,1,32,3,3,9,8,1,5,50.23755,1.1932768019382194,2.0,1.2
55,No,Travel_Rarely,1136,Research & Development,1,4,Medical,2,Male,81,4,4,Research Director,4,Divorced,12414,2,No,13,3,4,2,31,4,4,7,7,0,0,37.5666,0.8923076923076924,1.0,1.2
36,No,Travel_Rarely,1174,Sales,3,4,Marketing,1,Female,99,3,2,Sales Executive,2,Single,20763,3,Yes,16,3,4,0,15,3,3,5,4,0,1,23.6589,1.4890065800032095,6.0,1.0
31,Yes,Travel_Frequently,667,Sales,1,4,Life Sciences,2,Female,50,1,1,Sales Representative,3,Single,16154,1,No,12,3,2,0,1,3,3,1,0,0,0,3.46545,0.5269484296238852,1.0,1.2
30,No,Travel_Rarely,855,Sales,7,4,Marketing,4,Female,73,3,2,Sales Executive,1,Divorced,12761,7,No,14,3,2,2,8,3,3,3,2,0,2,12.18645,0.7669715936446798,7.0,1.0
31,No,Travel_Rarely,182,Research & Development,8,5,Life Sciences,1,Female,93,3,4,Research Director,2,Single,8847,3,No,11,3,3,0,9,3,4,3,2,1,0,41.8761,0.9946698970321018,8.0,1.2
34,No,Travel_Frequently,560,Research & Development,1,4,Other,4,Male,91,3,1,Research Scientist,1,Divorced,20284,5,No,14,3,3,2,10,2,3,4,3,1,3,7.6398,1.0375757575757576,1.0,1.4
31,Yes,Travel_Rarely,202,Research & Development,8,3,Life Sciences,1,Female,34,2,1,Research Scientist,2,Single,22262,1,No,12,3,3,0,1,3,4,1,0,0,0,3.21555,0.4367099567099567,8.0,1.4
27,No,Travel_Rarely,1377,Research & Development,11,1,Life Sciences,2,Male,91,3,1,Laboratory Technician,1,Married,7679,0,No,14,3,2,0,6,3,4,5,0,1,4,5.35245,0.7273042273042273,11.0,1.2
36,No,Travel_Rarely,172,Research & Development,4,4,Life Sciences,1,Male,37,2,2,Laboratory Technician,4,Single,22604,1,No,16,3,3,0,10,2,2,10,4,1,8,14.8155,2.013167013167013,4.0,1.2
36,No,Travel_Rarely,329,Sales,16,4,Marketing,3,Female,98,2,2,Sales Executive,1,Married,13494,4,No,13,3,1,2,11,3,2,3,2,0,2,14.39985,0.9062750762317445,16.0,1.0
47,No,Travel_Rarely,465,Research & Development,1,3,Technical Degree,1,Male,74,3,1,Research Scientist,4,Married,10205,7,No,12,3,3,1,17,2,2,6,5,1,2,8.721,1.1844155844155844,1.0,1.4
25,Yes,Travel_Rarely,383,Sales,9,2,Life Sciences,1,Male,68,2,1,Sales Representative,1,Married,15182,3,No,12,3,1,0,6,2,3,3,2,2,2,11.22,1.7060876308646762,9.0,1.2
37,No,Non-Travel,1413,Research & Development,5,2,Technical Degree,3,Male,84,4,1,Laboratory Technician,3,Single,25470,0,No,14,3,1,0,7,2,1,6,5,1,3,8.925,1.2127512127512128,5.0,1.2
56,No,Travel_Rarely,1255,Research & Development,1,2,Life Sciences,1,Female,90,3,1,Research Scientist,1,Married,10494,2,No,22,4,4,1,5,3,4,3,2,1,0,5.2683,0.7154978354978355,1.0,1.4
47,No,Travel_Rarely,359,Research & Development,2,4,Medical,1,Female,82,3,4,Research Director,3,Married,26703,3,No,19,3,2,2,26,2,4,20,17,5,6,43.78095,1.0399152029073289,2.0,1.2
24,No,Travel_Rarely,1476,Sales,4,1,Medical,4,Female,42,3,2,Sales Executive,3,Married,15211,1,Yes,12,3,3,2,5,3,3,5,4,0,3,10.6131,0.6679505697319852,8.0,1.0
32,No,Travel_Rarely,601,Sales,7,5,Marketing,4,Male,97,3,2,Sales Executive,4,Married,23343,4,No,12,3,3,1,7,3,2,4,3,0,3,23.4702,1.4771304766490128,7.0,1.0
34,No,Travel_Rarely,401,Research & Development,1,3,Life Sciences,4,Female,86,2,1,Laboratory Technician,2,Married,3708,5,No,17,3,1,1,7,2,2,5,4,0,2,8.3997,1.1413721413721412,1.0,1.2
41,No,Travel_Rarely,1283,Research & Development,5,5,Medical,2,Male,90,4,1,Research Scientist,3,Married,5561,2,Yes,12,3,1,0,7,5,2,4,2,0,3,5.42385,0.7366233766233766,10.0,1.4
40,No,Non-Travel,663,Research & Development,9,4,Other,3,Male,81,3,2,Laboratory Technician,3,Divorced,23099,3,No,11,3,3,2,11,2,4,8,7,0,7,10.13625,1.3773388773388773,9.0,1.2
31,No,Travel_Rarely,326,Sales,8,2,Life Sciences,1,Male,31,3,3,Sales Executive,4,Divorced,8386,1,No,18,3,1,1,13,5,3,13,7,9,9,27.52215,1.7321457229979136,8.0,1.0
46,Yes,Travel_Rarely,377,Sales,9,3,Marketing,1,Male,52,3,3,Sales Executive,4,Divorced,15986,4,No,11,3,1,1,28,1,4,7,7,4,3,25.7448,1.6202856684320335,9.0,1.0
39,Yes,Non-Travel,592,Research & Development,2,3,Life Sciences,1,Female,54,2,1,Laboratory Technician,1,Single,17181,2,Yes,23,4,2,0,11,2,4,1,0,0,0,9.2973,1.2633402633402633,4.0,1.2
31,Yes,Travel_Frequently,1445,Research & Development,1,5,Life Sciences,3,Female,100,4,3,Manufacturing Director,2,Single,8931,1,No,11,3,1,0,10,2,3,10,8,4,7,18.9873,1.1549557933922756,1.0,1.2
45,No,Travel_Rarely,1038,Research & Development,20,3,Medical,2,Male,95,1,3,Healthcare Representative,1,Divorced,19863,2,Yes,18,3,2,1,24,2,3,7,7,0,7,27.67005,1.5931581265599766,40.0,1.2
31,No,Travel_Rarely,1398,Human Resources,8,2,Medical,4,Female,96,4,1,Human Resources,2,Single,24609,9,No,18,3,4,0,8,3,3,3,2,0,2,5.37795,0.6818622696411252,8.0,1.2
31,Yes,Travel_Frequently,523,Research & Development,2,3,Life Sciences,2,Male,94,3,1,Laboratory Technician,4,Married,21081,6,Yes,13,3,3,1,7,2,1,2,2,2,2,9.4911,1.2896742896742897,4.0,1.2
45,No,Travel_Rarely,1448,Research & Development,29,3,Technical Degree,2,Male,55,3,3,Manufacturing Director,4,Married,14720,4,Yes,18,3,4,2,10,4,4,3,1,1,2,23.919,1.4549402823018458,58.0,1.2
48,No,Travel_Rarely,1221,Sales,7,3,Marketing,3,Male,96,3,2,Sales Executive,1,Divorced,24795,4,No,11,3,1,3,15,3,3,2,2,2,2,13.9893,0.8804365270422083,7.0,1.0
34,Yes,Travel_Rarely,1107,Human Resources,9,4,Technical Degree,1,Female,52,3,1,Human Resources,3,Married,3072,1,No,15,3,4,0,2,0,3,2,2,2,2,6.9921,0.8865179437439379,9.0,1.2
40,No,Non-Travel,218,Research & Development,8,1,Medical,4,Male,55,2,3,Research Director,2,Divorced,25178,2,No,11,3,3,1,16,5,3,9,8,4,8,35.08035,0.8332525741974562,8.0,1.2
28,No,Travel_Rarely,866,Sales,5,3,Medical,4,Male,84,3,2,Sales Executive,1,Single,23490,0,No,18,3,4,0,6,4,3,5,4,1,3,21.58065,1.3582089552238805,5.0,1.0
44,No,Non-Travel,981,Research & Development,5,3,Life Sciences,3,Male,90,2,1,Laboratory Technician,3,Single,7973,3,No,14,3,4,0,7,5,3,5,2,0,3,8.0631,1.0956340956340958,5.0,1.2
53,No,Travel_Rarely,447,Research & Development,2,3,Medical,4,Male,39,4,4,Research Director,2,Single,19764,4,No,12,3,2,0,35,2,2,9,8,8,8,42.3249,1.0053301029678983,2.0,1.2
49,No,Travel_Rarely,1495,Research & Development,5,4,Technical Degree,1,Male,96,3,2,Healthcare Representative,3,Married,21534,2,No,14,3,2,1,20,0,2,3,2,1,2,16.96005,0.9765085890471296,5.0,1.2
40,No,Travel_Rarely,896,Research & Development,2,3,Medical,3,Male,68,3,1,Research Scientist,3,Divorced,8045,2,No,14,3,3,1,8,3,4,3,1,1,2,5.97975,0.8121212121212121,2.0,1.4
44,No,Travel_Rarely,1467,Research & Development,20,3,Life Sciences,4,Male,49,3,1,Research Scientist,2,Single,21158,1,No,13,3,3,0,6,3,2,5,2,1,3,8.721,1.1844155844155844,20.0,1.4
33,No,Travel_Frequently,430,Sales,7,3,Medical,4,Male,54,3,2,Sales Executive,1,Married,17456,0,No,14,3,1,2,5,2,3,4,3,0,3,11.15115,0.7018135130797624,7.0,1.0
34,No,Travel_Rarely,1326,Sales,3,3,Other,4,Male,81,1,2,Sales Executive,1,Single,15891,3,No,18,3,4,0,15,2,3,13,9,3,12,12.13545,0.7637618359813834,3.0,1.0
30,No,Travel_Rarely,1358,Sales,16,1,Life Sciences,4,Male,96,3,2,Sales Executive,3,Married,2939,8,No,15,3,3,2,4,2,2,2,1,2,2,13.51755,0.8507462686567163,16.0,1.0
42,No,Travel_Frequently,748,Research & Development,9,2,Medical,1,Female,74,3,1,Laboratory Technician,4,Single,16458,1,No,13,3,3,0,12,3,3,12,9,5,8,9.36615,1.2726957726957726,9.0,1.2
44,No,Travel_Frequently,383,Sales,1,5,Marketing,1,Female,79,3,2,Sales Executive,3,Married,9282,7,No,12,3,3,1,11,4,2,1,0,0,0,12.1584,0.7652062269298667,1.0,1.0
30,No,Non-Travel,990,Research & Development,7,3,Technical Degree,3,Male,64,3,1,Research Scientist,3,Divorced,7152,1,No,13,3,2,2,1,2,2,1,0,0,0,3.2487,0.44121212121212117,7.0,1.4
57,No,Travel_Rarely,405,Research & Development,1,2,Life Sciences,2,Male,93,4,2,Research Scientist,3,Married,2721,0,No,24,4,1,1,13,2,2,12,9,2,8,12.495,1.6969696969696968,1.0,1.4
49,No,Travel_Rarely,1490,Research & Development,7,4,Life Sciences,3,Male,35,3,3,Healthcare Representative,2,Divorced,20948,3,No,14,3,2,2,29,3,3,8,7,0,7,26.6883,1.5366319189546322,7.0,1.2
34,No,Travel_Frequently,829,Research & Development,15,3,Medical,2,Male,71,3,4,Research Director,1,Divorced,11929,7,No,14,3,4,2,16,3,2,14,8,6,9,43.36785,1.0301029678982434,15.0,1.2
28,Yes,Travel_Frequently,1496,Sales,1,3,Technical Degree,1,Male,92,3,1,Sales Representative,3,Married,15747,3,No,15,3,4,1,5,3,4,3,2,1,2,7.41795,1.1279565723148508,1.0,1.2
29,Yes,Travel_Frequently,115,Sales,13,3,Technical Degree,1,Female,51,3,2,Sales Executive,2,Single,17485,5,No,11,3,1,0,7,4,1,5,3,0,0,14.70075,0.9252126464451933,13.0,1.0
34,Yes,Travel_Rarely,790,Sales,24,4,Medical,1,Female,40,2,2,Sales Executive,2,Single,7815,0,Yes,23,4,3,0,16,2,4,15,9,10,10,11.72745,0.738083774675012,48.0,1.0
35,No,Travel_Rarely,660,Sales,7,1,Life Sciences,4,Male,76,3,1,Sales Representative,3,Married,16192,1,No,13,3,1,1,1,3,3,1,0,0,0,6.1302,0.9321442419542458,7.0,1.2
24,Yes,Travel_Frequently,381,Research & Development,9,3,Medical,2,Male,89,3,1,Laboratory Technician,1,Single,16998,2,Yes,11,3,3,0,4,2,2,0,0,0,0,8.0886,1.099099099099099,18.0,1.2
24,No,Non-Travel,830,Sales,13,2,Life Sciences,4,Female,78,3,1,Sales Representative,2,Married,7103,1,No,13,3,3,1,1,2,3,1,0,0,0,5.18415,0.7882900348972469,13.0,1.2
44,No,Travel_Frequently,1193,Research & Development,2,1,Medical,2,Male,86,3,3,Manufacturing Director,3,Single,19719,5,Yes,18,3,2,0,16,2,2,2,2,2,2,26.03295,1.583527221963704,4.0,1.2
29,No,Travel_Rarely,1246,Sales,19,3,Life Sciences,3,Male,77,2,2,Sales Executive,3,Divorced,23757,1,No,14,3,3,2,10,3,3,10,7,0,4,21.981,1.3834055528807576,19.0,1.0
30,No,Travel_Rarely,330,Human Resources,1,3,Life Sciences,3,Male,46,3,1,Human Resources,3,Divorced,15428,0,No,21,4,1,1,6,3,4,5,3,1,3,5.2632,0.6673132880698351,1.0,1.2
55,No,Travel_Rarely,1229,Research & Development,4,4,Life Sciences,4,Male,30,3,2,Healthcare Representative,3,Married,16143,0,Yes,16,3,2,0,4,2,3,3,2,1,2,10.28925,0.5924240199676992,8.0,1.2
33,No,Travel_Rarely,1099,Research & Development,4,4,Medical,1,Female,82,2,1,Laboratory Technician,2,Married,8192,8,No,11,3,4,0,8,5,3,5,4,0,2,9.7869,1.3298683298683298,4.0,1.2
47,No,Travel_Rarely,571,Sales,14,3,Medical,3,Female,78,3,2,Sales Executive,3,Married,24200,3,Yes,17,3,3,1,11,4,2,5,4,1,2,11.70705,0.7367998716096935,28.0,1.0
28,Yes,Travel_Frequently,289,Research & Development,2,2,Medical,3,Male,38,2,1,Laboratory Technician,1,Single,5355,7,No,11,3,3,0,8,2,2,0,0,0,0,6.53055,0.8873873873873873,2.0,1.2
28,No,Travel_Rarely,1423,Research & Development,1,3,Life Sciences,1,Male,72,2,1,Research Scientist,3,Divorced,12530,1,No,14,3,4,1,1,2,1,1,0,0,0,3.98565,0.5412987012987013,1.0,1.4
28,No,Travel_Frequently,467,Sales,7,3,Life Sciences,3,Male,55,3,2,Sales Executive,1,Single,11827,0,No,14,3,4,0,5,5,3,4,2,1,3,12.4899,0.7860696517412935,7.0,1.0
49,No,Travel_Rarely,271,Research & Development,3,2,Medical,3,Female,43,2,2,Laboratory Technician,1,Married,23070,4,No,25,4,1,1,10,3,3,3,2,1,2,12.21195,1.6593901593901594,3.0,1.2
29,No,Travel_Frequently,410,Research & Development,2,1,Life Sciences,4,Female,97,3,1,Laboratory Technician,2,Married,4668,0,No,13,3,3,3,4,3,3,3,2,0,2,8.109,1.1018711018711018,2.0,1.2
28,No,Travel_Rarely,1083,Research & Development,29,1,Life Sciences,3,Male,96,1,2,Manufacturing Director,2,Married,3173,1,No,14,3,2,2,8,2,2,8,6,1,7,16.69995,1.0158213122382505,29.0,1.2
33,No,Travel_Rarely,516,Research & Development,8,5,Life Sciences,4,Male,69,3,2,Healthcare Representative,3,Single,22049,2,Yes,17,3,1,0,14,6,3,0,0,0,0,16.2894,0.937894582293349,16.0,1.2
32,No,Travel_Rarely,495,Research & Development,10,3,Medical,3,Male,64,3,3,Manager,4,Single,21072,2,No,25,4,2,0,10,5,4,5,2,0,0,28.6722,0.6441891775759833,10.0,1.8
54,No,Travel_Frequently,1050,Research & Development,11,4,Medical,2,Female,87,3,4,Manager,4,Divorced,24456,3,No,20,4,1,1,26,2,3,14,9,1,12,40.8816,0.9185023919333123,11.0,1.8
29,Yes,Travel_Rarely,224,Research & Development,1,4,Technical Degree,1,Male,100,2,1,Research Scientist,1,Single,7568,6,No,13,3,3,0,11,2,1,9,7,0,7,6.0231,0.8180086580086581,1.0,1.4
44,No,Travel_Rarely,136,Research & Development,28,3,Life Sciences,4,Male,32,3,4,Research Director,1,Married,22074,3,No,13,3,3,1,24,1,4,20,6,14,17,41.6364,0.9889763779527561,28.0,1.2
39,No,Travel_Rarely,1089,Research & Development,6,3,Life Sciences,2,Female,32,3,3,Manufacturing Director,2,Single,9150,4,No,18,3,4,0,9,3,3,2,0,2,2,21.3588,1.2992089343880875,6.0,1.2
46,No,Travel_Rarely,228,Sales,3,3,Life Sciences,3,Female,51,3,4,Manager,2,Married,11380,8,No,12,3,4,1,23,2,4,13,12,5,1,42.3453,0.9513878942393079,3.0,1.8
35,No,Travel_Rarely,1029,Research & Development,16,3,Life Sciences,4,Female,91,2,3,Healthcare Representative,2,Single,21195,1,No,19,3,4,0,11,3,1,11,8,3,3,21.9453,1.2635442666275143,16.0,1.2
23,No,Travel_Rarely,507,Research & Development,20,1,Life Sciences,1,Male,97,3,2,Laboratory Technician,3,Single,24812,0,No,14,3,2,0,5,2,3,4,3,1,2,5.7936,0.7872487872487872,20.0,1.2
40,Yes,Travel_Rarely,676,Research & Development,9,4,Life Sciences,4,Male,86,3,1,Laboratory Technician,1,Single,21831,3,No,14,3,2,0,15,3,1,5,4,1,0,5.1459,0.6992376992376993,9.0,1.2
34,No,Travel_Rarely,971,Sales,1,3,Technical Degree,4,Male,64,2,3,Sales Executive,3,Married,12288,1,Yes,14,3,4,0,10,3,3,10,9,8,6,18.06165,1.1367356764564276,2.0,1.0
31,Yes,Travel_Frequently,561,Research & Development,3,3,Life Sciences,4,Female,33,3,1,Research Scientist,3,Single,4156,1,No,12,3,1,0,7,2,1,7,2,7,7,10.4142,1.4143722943722943,3.0,1.4
50,No,Travel_Frequently,333,Research & Development,22,5,Medical,3,Male,88,1,4,Research Director,4,Single,24450,1,Yes,13,3,4,0,32,2,3,32,6,13,9,36.74805,0.8728649303452454,44.0,1.2
34,No,Travel_Rarely,1440,Sales,7,2,Technical Degree,2,Male,55,3,1,Sales Representative,3,Married,4944,0,Yes,25,4,2,1,12,4,3,11,10,5,7,5.8854,0.8949205118262892,14.0,1.2
42,No,Travel_Rarely,1210,Research & Development,2,3,Medical,3,Male,68,2,1,Laboratory Technician,2,Married,24052,4,No,14,3,2,1,4,3,3,1,0,0,0,12.34455,1.6774081774081773,2.0,1.2
37,No,Travel_Rarely,674,Research & Development,13,3,Medical,1,Male,47,3,2,Research Scientist,4,Married,3031,1,No,17,3,1,0,10,2,3,10,8,3,7,10.92675,1.483982683982684,13.0,1.4
29,No,Travel_Rarely,441,Research & Development,8,1,Other,3,Female,39,1,2,Healthcare Representative,1,Married,7288,3,No,13,3,3,1,9,3,3,7,7,0,7,24.77325,1.426369108794597,8.0,1.2
33,No,Travel_Rarely,575,Research & Development,25,3,Life Sciences,4,Male,44,2,2,Manufacturing Director,2,Single,24152,1,No,13,3,4,0,5,2,3,5,3,0,2,11.016,0.6700791065611913,25.0,1.2
45,No,Travel_Rarely,950,Research & Development,28,3,Technical Degree,4,Male,97,3,1,Research Scientist,4,Married,4585,4,No,20,4,4,1,8,3,3,5,4,0,3,5.4366,0.7383549783549784,28.0,1.4
42,No,Travel_Frequently,288,Research & Development,2,3,Life Sciences,4,Male,40,3,3,Healthcare Representative,4,Married,18611,2,Yes,14,3,3,1,24,3,1,20,8,13,9,25.8162,1.4864190280428717,4.0,1.2
40,No,Travel_Rarely,1342,Sales,9,2,Medical,1,Male,47,3,2,Sales Executive,1,Married,19345,0,No,12,3,4,0,9,5,4,8,4,7,1,13.95615,0.8783501845610655,9.0,1.0
33,No,Travel_Rarely,589,Research & Development,28,4,Life Sciences,2,Male,79,3,2,Laboratory Technician,3,Married,22949,1,Yes,12,3,2,1,15,3,3,15,14,5,7,13.27785,1.8042273042273043,56.0,1.2
40,No,Travel_Rarely,898,Human Resources,6,2,Medical,3,Male,38,3,4,Manager,4,Single,17381,1,Yes,21,4,4,0,21,2,3,21,7,7,7,41.91435,0.9417055773582743,12.0,1.8
24,No,Travel_Rarely,350,Research & Development,21,2,Technical Degree,3,Male,57,2,1,Laboratory Technician,1,Divorced,10036,0,No,14,3,2,3,2,3,3,1,1,0,0,5.8548,0.7955647955647955,21.0,1.2
40,No,Non-Travel,1142,Research & Development,8,2,Life Sciences,4,Male,72,3,2,Healthcare Representative,4,Divorced,8841,3,Yes,18,3,3,0,8,2,3,2,2,2,2,10.37595,0.5974159447951842,16.0,1.2
45,No,Travel_Rarely,538,Research & Development,1,4,Technical Degree,1,Male,66,3,3,Healthcare Representative,2,Divorced,20933,1,No,12,3,1,3,10,4,3,10,8,7,7,18.97455,1.092497430626927,1.0,1.2
35,No,Travel_Rarely,1402,Sales,28,4,Life Sciences,2,Female,98,2,1,Sales Representative,3,Married,26204,0,No,23,4,1,2,6,5,3,5,3,4,2,6.1965,0.9422256688639007,28.0,1.2
32,No,Travel_Rarely,824,Research & Development,5,2,Life Sciences,4,Female,67,2,2,Research Scientist,2,Married,15624,3,No,12,3,1,1,12,2,3,7,1,2,5,14.9889,2.0356709956709955,5.0,1.4
36,No,Travel_Rarely,1157,Sales,2,4,Life Sciences,3,Male,70,3,1,Sales Representative,4,Single,17001,3,Yes,21,4,4,0,7,3,2,3,2,1,2,6.7422,1.0252035672741373,4.0,1.2
48,No,Travel_Rarely,492,Sales,16,4,Life Sciences,3,Female,96,3,2,Sales Executive,3,Divorced,13693,8,No,14,3,3,1,18,2,3,8,7,7,7,16.41945,1.0333814796982828,16.0,1.0
29,No,Travel_Rarely,598,Research & Development,9,3,Life Sciences,3,Male,91,4,1,Research Scientist,3,Married,22376,6,No,18,3,1,2,5,2,2,1,0,0,0,6.25005,0.8488311688311688,9.0,1.4
33,No,Travel_Rarely,1242,Sales,8,4,Life Sciences,1,Male,46,3,2,Sales Executive,1,Married,10589,2,No,13,3,4,1,8,6,1,2,2,2,2,16.2996,1.0258385491895363,8.0,1.0
30,Yes,Travel_Rarely,740,Sales,1,3,Life Sciences,2,Male,64,2,2,Sales Executive,1,Married,5323,1,No,11,3,4,1,10,4,3,10,8,6,7,24.7707,1.5589792970630718,1.0,1.0
38,No,Travel_Frequently,888,Human Resources,10,4,Human Resources,3,Male,71,3,2,Human Resources,3,Married,14814,3,No,11,3,3,0,10,2,3,6,3,1,2,15.49635,1.9647591335273198,10.0,1.2
35,No,Travel_Rarely,992,Research & Development,1,3,Medical,4,Male,68,2,1,Laboratory Technician,1,Single,21731,1,No,19,3,2,0,3,3,3,3,0,1,2,6.2475,0.8489258489258489,1.0,1.2
30,No,Travel_Rarely,1288,Sales,29,4,Technical Degree,3,Male,33,3,3,Sales Executive,2,Married,17799,3,No,12,3,2,1,9,3,3,4,2,1,3,23.5875,1.4845129192745945,29.0,1.0
35,Yes,Travel_Rarely,104,Research & Development,2,3,Life Sciences,1,Female,69,3,1,Laboratory Technician,1,Divorced,26619,1,Yes,12,3,4,1,1,2,3,1,0,0,0,5.2887,0.7186417186417187,4.0,1.2
53,Yes,Travel_Rarely,607,Research & Development,2,5,Technical Degree,3,Female,78,2,3,Manufacturing Director,4,Married,14618,0,No,16,3,2,1,34,4,3,33,7,1,9,25.93095,1.577322785791841,2.0,1.2
38,Yes,Travel_Rarely,903,Research & Development,2,3,Medical,3,Male,81,3,2,Manufacturing Director,2,Married,7653,4,No,11,3,1,2,7,2,3,5,2,1,4,12.38025,0.7530634403598573,2.0,1.2
32,No,Non-Travel,1200,Research & Development,1,4,Technical Degree,4,Male,62,3,2,Research Scientist,1,Married,25174,4,No,14,3,2,1,9,3,2,6,5,1,2,10.42185,1.4154112554112552,1.0,1.4
48,No,Travel_Rarely,1108,Research & Development,15,4,Other,3,Female,65,3,1,Research Scientist,1,Married,16530,8,No,12,3,4,1,10,3,2,8,2,7,6,6.03585,0.8197402597402598,15.0,1.4
34,No,Travel_Rarely,479,Research & Development,7,4,Medical,1,Male,35,3,1,Research Scientist,4,Single,22061,1,No,13,3,3,0,1,4,1,1,0,0,0,7.5786,1.029264069264069,7.0,1.4
55,No,Travel_Rarely,685,Sales,26,5,Marketing,3,Male,60,2,5,Manager,4,Married,23037,1,No,21,4,3,1,36,3,3,36,6,2,13,49.9443,1.1221175055143373,26.0,1.8
34,No,Travel_Rarely,1351,Research & Development,1,4,Life Sciences,2,Male,45,3,2,Research Scientist,4,Married,13008,9,No,17,3,2,1,9,3,2,2,2,2,1,13.9842,1.8992207792207791,1.0,1.4
26,No,Travel_Rarely,474,Research & Development,3,3,Life Sciences,1,Female,89,3,1,Research Scientist,4,Married,11133,1,No,21,4,1,0,1,5,3,1,0,0,0,5.25555,0.7137662337662338,3.0,1.4
38,No,Travel_Rarely,1245,Sales,14,3,Life Sciences,3,Male,80,3,2,Sales Executive,2,Married,12355,0,No,11,3,4,1,10,3,3,9,8,7,7,25.3062,1.5926817525276842,14.0,1.0
38,No,Travel_Rarely,437,Sales,16,3,Life Sciences,2,Female,90,3,2,Sales Executive,2,Single,16379,2,No,12,3,2,0,8,5,4,3,2,1,2,10.7049,0.6737281335259188,16.0,1.0
36,No,Travel_Rarely,884,Sales,1,4,Life Sciences,2,Female,73,3,2,Sales Executive,3,Single,21447,6,No,13,3,1,0,15,5,3,1,0,0,0,17.37825,1.0937249237682556,1.0,1.0
29,No,Travel_Rarely,1370,Research & Development,3,1,Medical,2,Male,87,3,1,Laboratory Technician,1,Single,16213,1,Yes,18,3,4,0,10,3,3,10,9,1,5,12.04365,1.6365211365211365,6.0,1.2
35,No,Travel_Rarely,670,Research & Development,10,4,Medical,1,Female,51,3,2,Healthcare Representative,3,Single,4223,3,Yes,16,3,3,0,10,4,3,5,2,0,4,15.6621,0.9017765379533108,20.0,1.2
39,No,Travel_Rarely,1462,Sales,6,3,Medical,4,Male,38,4,3,Sales Executive,3,Married,4658,2,No,11,3,1,1,11,3,3,7,6,7,6,21.00435,1.3219386936286308,6.0,1.0
29,No,Travel_Frequently,995,Research & Development,2,1,Life Sciences,1,Male,87,3,2,Healthcare Representative,4,Divorced,24483,1,No,19,3,4,1,6,0,4,6,4,1,3,22.57515,1.299809132286008,2.0,1.2
50,No,Travel_Rarely,264,Sales,9,3,Marketing,3,Male,59,3,5,Manager,3,Married,19519,4,Yes,16,3,3,1,27,2,3,1,0,0,0,49.29405,1.1075080924689908,18.0,1.8
23,No,Travel_Rarely,977,Research & Development,10,3,Technical Degree,4,Male,45,4,1,Research Scientist,3,Married,12826,2,No,16,3,4,1,4,2,3,2,2,2,2,5.28615,0.717922077922078,10.0,1.4
36,No,Travel_Frequently,1302,Research & Development,6,4,Life Sciences,1,Male,80,4,2,Laboratory Technician,1,Married,19711,3,Yes,13,3,4,1,9,3,3,3,2,0,2,14.1831,1.9272349272349272,12.0,1.2
42,No,Travel_Rarely,1059,Research & Development,9,2,Other,4,Male,93,2,5,Manager,4,Single,26362,8,No,22,4,4,0,24,2,3,1,0,0,1,50.01315,1.1236643845426681,9.0,1.8
35,No,Travel_Rarely,750,Research & Development,28,3,Life Sciences,2,Male,46,4,2,Laboratory Technician,3,Married,25348,1,No,17,3,4,2,10,3,2,10,9,6,8,8.68785,1.1805266805266803,28.0,1.2
34,No,Travel_Frequently,653,Research & Development,10,4,Technical Degree,4,Male,92,2,2,Healthcare Representative,3,Married,15332,1,No,14,3,2,1,8,3,2,8,2,7,7,12.91065,0.7433563353398913,10.0,1.2
40,No,Travel_Rarely,118,Sales,14,2,Life Sciences,4,Female,84,3,2,Sales Executive,1,Married,11262,1,No,15,3,3,1,5,2,3,5,4,1,2,11.82945,0.7445032900016048,14.0,1.0
43,No,Travel_Rarely,990,Research & Development,27,3,Technical Degree,4,Male,87,4,1,Laboratory Technician,2,Divorced,5855,5,No,12,3,3,1,8,0,3,6,4,0,2,12.4338,1.6895356895356894,27.0,1.2
35,No,Travel_Rarely,1349,Research & Development,7,2,Life Sciences,3,Male,63,2,1,Laboratory Technician,4,Married,7713,1,No,18,3,4,1,1,5,2,1,0,0,1,6.8595,0.932085932085932,7.0,1.2
46,No,Travel_Rarely,563,Sales,1,4,Life Sciences,4,Male,56,4,4,Manager,1,Single,3156,1,No,15,3,2,0,27,5,1,26,0,0,12,44.79585,1.0064453292847118,1.0,1.8
28,Yes,Travel_Rarely,329,Research & Development,24,3,Medical,3,Male,51,3,1,Laboratory Technician,2,Married,7324,1,Yes,17,3,3,3,1,3,3,1,1,0,0,6.1404,0.8343728343728343,48.0,1.2
22,No,Non-Travel,457,Research & Development,26,2,Other,2,Female,85,2,1,Research Scientist,3,Married,10293,1,Yes,14,3,2,0,4,2,2,4,2,1,3,7.1757,0.9745454545454545,52.0,1.4
50,No,Travel_Frequently,1234,Research & Development,20,5,Medical,2,Male,41,3,4,Healthcare Representative,3,Married,20689,2,Yes,15,3,3,1,32,3,3,30,8,12,13,28.67475,1.6510057260314197,40.0,1.2
32,No,Travel_Rarely,634,Research & Development,5,4,Other,2,Female,35,4,1,Research Scientist,4,Married,18783,3,No,17,3,4,2,6,3,3,3,2,0,2,8.4456,1.147012987012987,5.0,1.4
44,No,Travel_Rarely,1313,Research & Development,7,3,Medical,2,Female,31,3,5,Research Director,4,Divorced,3549,0,Yes,14,3,4,1,23,4,2,22,7,1,10,48.57495,1.153785584494246,14.0,1.2
30,No,Travel_Rarely,241,Research & Development,7,3,Medical,2,Male,48,2,1,Research Scientist,2,Married,5348,1,No,12,3,2,1,6,3,2,6,4,1,1,5.45955,0.7414718614718615,7.0,1.4
45,No,Travel_Rarely,1015,Research & Development,5,5,Medical,3,Female,50,1,2,Laboratory Technician,1,Single,23447,1,Yes,14,3,1,0,10,3,3,10,7,1,4,14.71095,1.998960498960499,10.0,1.2
45,No,Non-Travel,336,Sales,26,3,Marketing,1,Male,52,2,2,Sales Executive,1,Married,24162,1,No,15,3,1,1,10,2,3,10,7,4,5,11.18175,0.7037393676777403,26.0,1.0
31,No,Travel_Frequently,715,Sales,2,4,Other,4,Male,54,3,2,Sales Executive,1,Single,21602,7,No,13,3,4,0,10,3,3,5,2,0,3,13.5966,0.8557213930348259,2.0,1.0
36,No,Travel_Rarely,559,Research & Development,12,4,Life Sciences,3,Female,76,3,2,Manufacturing Director,3,Married,12421,9,Yes,12,3,2,2,7,2,3,3,2,1,1,11.89065,0.7232821467349155,24.0,1.2
34,No,Travel_Frequently,426,Research & Development,10,4,Life Sciences,3,Male,42,4,2,Manufacturing Director,4,Divorced,17000,1,No,13,3,1,1,9,3,3,9,7,7,2,12.0462,0.7327439118970064,10.0,1.2
49,No,Travel_Rarely,722,Research & Development,25,4,Life Sciences,3,Female,84,3,1,Laboratory Technician,1,Married,22102,1,No,14,3,4,1,10,3,2,9,6,1,4,8.18805,1.1126126126126126,25.0,1.2
39,No,Travel_Rarely,1387,Research & Development,10,5,Medical,2,Male,76,3,2,Manufacturing Director,1,Married,3835,2,No,13,3,4,3,10,3,3,7,7,7,7,13.71135,0.8340313324026679,10.0,1.2
27,No,Travel_Rarely,1302,Research & Development,19,3,Other,4,Male,67,2,1,Laboratory Technician,1,Divorced,16290,1,No,11,3,1,2,7,3,3,7,7,0,7,10.3683,1.4088704088704087,19.0,1.2
35,No,Travel_Rarely,819,Research & Development,18,5,Life Sciences,2,Male,48,4,2,Research Scientist,1,Married,26312,1,No,11,3,4,0,16,2,3,16,15,1,10,13.2804,1.8036363636363637,18.0,1.4
28,No,Travel_Rarely,580,Research & Development,27,3,Medical,2,Female,39,1,2,Manufacturing Director,1,Divorced,20460,0,No,21,4,2,1,6,5,2,5,3,0,0,12.43635,0.7564758802543818,27.0,1.2
21,No,Travel_Rarely,546,Research & Development,5,1,Medical,3,Male,97,3,1,Research Scientist,4,Single,26009,1,No,18,3,3,0,3,2,3,2,2,2,2,7.94835,1.0794805194805195,5.0,1.4
18,Yes,Travel_Frequently,544,Sales,3,2,Medical,2,Female,70,3,1,Sales Representative,4,Single,18420,1,Yes,12,3,3,0,0,2,4,0,0,0,0,4.00095,0.6083753392787902,6.0,1.2
47,No,Travel_Rarely,1176,Human Resources,26,4,Life Sciences,4,Female,98,3,5,Manager,3,Married,5220,3,No,11,3,3,1,27,2,3,5,2,1,0,50.1279,1.1262425162565526,26.0,1.8
39,No,Travel_Rarely,170,Research & Development,3,2,Medical,3,Male,76,2,2,Laboratory Technician,3,Divorced,10302,0,No,15,3,4,1,11,3,3,10,8,0,7,7.82595,1.0634095634095633,3.0,1.2
40,No,Travel_Rarely,884,Research & Development,15,3,Life Sciences,1,Female,80,2,3,Manufacturing Director,3,Married,25800,1,No,13,3,4,2,18,2,3,18,15,14,12,26.60925,1.6185822863347292,15.0,1.2
35,No,Non-Travel,208,Research & Development,8,4,Life Sciences,3,Female,52,3,2,Healthcare Representative,3,Married,12250,1,No,12,3,4,1,15,5,3,14,11,2,9,10.5774,0.6090148289531641,8.0,1.2
37,No,Travel_Rarely,671,Research & Development,19,3,Life Sciences,3,Male,85,3,2,Manufacturing Director,3,Married,26493,3,No,17,3,1,3,9,2,2,4,3,0,2,14.7084,0.8946796959826275,19.0,1.2
39,No,Travel_Frequently,711,Research & Development,4,3,Medical,1,Female,81,3,2,Manufacturing Director,3,Single,3140,0,No,13,3,4,0,10,2,1,9,2,3,8,12.8571,0.7820691794633163,4.0,1.2
45,No,Travel_Rarely,1329,Research & Development,2,2,Other,4,Female,59,2,2,Manufacturing Director,4,Divorced,5388,1,No,19,3,1,2,10,3,3,10,7,3,9,14.7135,0.8949899177912207,2.0,1.2
38,No,Travel_Rarely,397,Research & Development,2,2,Medical,4,Female,54,2,3,Manufacturing Director,3,Married,14199,3,Yes,19,3,4,1,10,6,4,5,4,0,2,19.7778,1.2030401737242127,4.0,1.2
35,Yes,Travel_Rarely,737,Sales,10,3,Medical,4,Male,55,2,3,Sales Executive,1,Married,21530,9,No,17,3,3,0,15,3,3,13,12,6,0,26.2803,1.6539881238966456,10.0,1.0
37,No,Travel_Rarely,1470,Research & Development,10,3,Medical,2,Female,71,3,1,Research Scientist,2,Married,9953,1,No,11,3,1,1,8,2,1,8,4,7,7,10.0368,1.363116883116883,10.0,1.4
40,No,Travel_Rarely,448,Research & Development,16,3,Life Sciences,3,Female,84,3,3,Manufacturing Director,4,Single,19948,6,Yes,15,3,4,0,18,2,2,4,2,3,3,20.25975,1.232356134636265,32.0,1.2
44,No,Travel_Frequently,602,Human Resources,1,5,Human Resources,1,Male,37,3,2,Human Resources,4,Married,10503,4,Yes,11,3,3,0,14,3,3,10,7,0,2,14.64465,1.8567733591981894,2.0,1.2
48,No,Travel_Frequently,365,Research & Development,4,5,Medical,3,Male,89,2,4,Manager,4,Married,5602,2,No,25,4,2,1,23,3,3,2,2,2,2,38.7651,0.8709501847661061,4.0,1.8
35,Yes,Travel_Rarely,763,Sales,15,2,Medical,1,Male,59,1,2,Sales Executive,4,Divorced,22098,6,Yes,14,3,4,2,7,2,2,2,2,2,2,13.872,0.8730540844166265,30.0,1.0
24,No,Travel_Frequently,567,Research & Development,2,1,Technical Degree,1,Female,32,3,1,Research Scientist,4,Single,17218,1,Yes,13,3,3,0,6,2,3,6,3,1,3,9.588,1.302164502164502,4.0,1.4
27,No,Travel_Rarely,486,Research & Development,8,3,Medical,2,Female,86,4,1,Research Scientist,3,Married,22490,7,No,17,3,1,0,5,0,3,3,2,0,2,8.96835,1.2180086580086578,8.0,1.4
27,No,Travel_Frequently,591,Research & Development,2,3,Medical,4,Male,87,3,1,Research Scientist,4,Single,6297,2,No,13,3,3,0,6,0,2,4,2,1,2,6.579,0.8935064935064935,2.0,1.4
40,Yes,Travel_Rarely,1329,Research & Development,7,3,Life Sciences,1,Male,73,3,1,Laboratory Technician,1,Single,3339,3,Yes,14,3,2,0,10,3,1,4,2,0,3,5.5233,0.7505197505197505,14.0,1.2
29,No,Travel_Rarely,469,Sales,10,3,Medical,3,Male,42,2,2,Sales Executive,3,Single,23413,9,No,11,3,3,0,8,2,3,5,2,1,4,14.96595,0.9419033862943347,10.0,1.0
36,No,Travel_Rarely,711,Research & Development,5,4,Life Sciences,2,Female,42,3,3,Healthcare Representative,1,Married,22792,4,No,12,3,3,2,9,6,3,3,2,0,2,20.4204,1.1757451181911613,5.0,1.2
25,No,Travel_Frequently,772,Research & Development,2,1,Life Sciences,4,Male,77,4,2,Manufacturing Director,3,Divorced,4973,1,No,17,3,3,2,7,6,3,7,7,0,7,13.2753,0.8075073677679541,2.0,1.2
39,No,Travel_Rarely,492,Research & Development,12,3,Medical,4,Male,66,3,2,Manufacturing Director,2,Married,7693,4,No,21,4,3,0,7,3,3,5,4,1,0,13.50225,0.821312238250349,12.0,1.2
49,No,Travel_Rarely,301,Research & Development,22,4,Other,1,Female,72,3,4,Research Director,2,Married,3498,3,No,16,3,2,2,27,2,3,4,2,1,2,41.85315,0.9941247728649304,22.0,1.2
50,No,Travel_Rarely,813,Research & Development,17,5,Life Sciences,4,Female,50,2,3,Research Director,1,Divorced,21981,5,No,15,3,3,3,19,3,3,14,11,1,11,33.83595,0.803694730466384,17.0,1.2
20,No,Travel_Rarely,1141,Sales,2,3,Medical,3,Female,31,3,1,Sales Representative,3,Single,13251,1,No,19,3,1,0,2,3,3,2,2,2,2,7.09665,1.0791004265219077,2.0,1.2
34,No,Travel_Rarely,1130,Research & Development,3,3,Life Sciences,4,Female,66,3,2,Research Scientist,2,Divorced,19332,1,No,12,3,3,1,11,2,3,11,8,7,9,13.85415,1.8815584415584417,3.0,1.4
36,No,Travel_Rarely,311,Research & Development,7,3,Life Sciences,1,Male,77,3,1,Laboratory Technician,2,Single,10950,2,No,11,3,3,0,15,4,3,4,3,1,3,5.13315,0.6975051975051975,7.0,1.2
49,No,Travel_Rarely,465,Research & Development,6,1,Life Sciences,3,Female,41,2,4,Healthcare Representative,3,Married,11652,2,Yes,19,3,2,1,30,3,3,15,11,2,12,35.6133,2.0505065335486714,12.0,1.2
36,No,Non-Travel,894,Research & Development,1,4,Medical,4,Female,33,2,2,Manufacturing Director,3,Married,15411,0,No,15,3,3,0,4,6,3,3,2,1,2,11.1537,0.6784550953932061,1.0,1.2
36,No,Travel_Rarely,1040,Research & Development,3,2,Life Sciences,4,Male,79,4,2,Healthcare Representative,1,Divorced,26308,6,No,20,4,1,1,13,3,3,5,4,0,4,17.4471,1.0045514608721187,3.0,1.2
54,No,Travel_Rarely,584,Research & Development,22,5,Medical,2,Female,91,3,4,Manager,3,Married,18685,3,No,25,4,3,1,36,6,3,10,8,4,7,44.4363,0.9983671832478731,22.0,1.8
43,No,Travel_Rarely,1291,Research & Development,15,2,Life Sciences,3,Male,65,2,4,Research Director,3,Married,3525,1,No,24,4,1,1,14,3,3,14,10,6,11,44.88765,1.0662023016353726,15.0,1.2
35,Yes,Travel_Frequently,880,Sales,12,4,Other,4,Male,36,3,2,Sales Executive,4,Single,10414,3,Yes,24,4,1,0,13,2,4,11,9,6,7,11.68155,0.7351949927780452,24.0,1.0
38,No,Travel_Frequently,1189,Research & Development,1,3,Life Sciences,4,Male,90,3,2,Research Scientist,4,Married,9867,7,No,15,3,4,2,19,4,4,13,11,2,9,12.07425,1.6398268398268396,1.0,1.4
29,No,Travel_Rarely,991,Sales,5,3,Medical,1,Male,43,2,2,Sales Executive,2,Divorced,3356,1,Yes,13,3,2,1,10,3,2,10,0,0,9,10.67685,0.6719627668111057,10.0,1.0
33,No,Travel_Rarely,392,Sales,2,4,Medical,4,Male,93,3,2,Sales Executive,4,Divorced,3921,1,No,14,3,3,2,6,5,3,6,2,0,4,14.03775,0.88348579682234,2.0,1.0
32,No,Travel_Rarely,977,Research & Development,2,3,Medical,4,Male,45,3,2,Research Scientist,2,Divorced,25518,0,No,13,3,3,2,10,4,2,9,5,1,6,13.9485,1.8943722943722943,2.0,1.4
31,No,Travel_Rarely,1112,Sales,5,4,Life Sciences,1,Female,67,3,2,Sales Executive,4,Married,22589,1,No,11,3,1,2,10,2,3,10,0,0,2,13.9638,0.8788316482105601,5.0,1.0
49,No,Travel_Rarely,464,Research & Development,16,3,Medical,4,Female,74,3,1,Laboratory Technician,1,Divorced,24941,4,Yes,16,3,2,1,17,2,2,2,2,2,2,6.59685,0.8963963963963963,32.0,1.2
38,No,Travel_Frequently,148,Research & Development,2,3,Medical,4,Female,42,2,1,Laboratory Technician,2,Single,23826,1,No,22,4,2,0,4,3,3,4,3,3,3,6.222,0.8454608454608455,2.0,1.2
47,No,Travel_Rarely,1225,Sales,2,4,Life Sciences,2,Female,47,4,4,Manager,2,Divorced,21086,6,No,14,3,3,3,29,2,3,3,2,1,2,40.7286,0.9150648829814662,2.0,1.8
49,No,Travel_Rarely,809,Research & Development,1,3,Life Sciences,3,Male,36,3,4,Manager,3,Single,22384,4,No,14,3,1,0,23,2,3,8,7,0,0,39.21645,0.8810908361740526,1.0,1.8
41,No,Travel_Rarely,1206,Sales,23,2,Life Sciences,4,Male,80,3,3,Sales Executive,3,Single,11591,3,Yes,16,3,4,0,21,2,3,2,0,0,2,18.0591,1.1365751885732627,46.0,1.0
20,No,Travel_Rarely,727,Sales,9,1,Life Sciences,4,Male,54,3,1,Sales Representative,1,Single,21082,1,No,11,3,1,0,2,3,3,2,2,0,2,6.9564,1.0577743311360992,9.0,1.2
33,No,Non-Travel,530,Sales,16,3,Life Sciences,3,Female,36,3,2,Sales Executive,4,Divorced,16130,1,Yes,25,4,3,1,7,2,3,6,5,1,2,13.6884,0.8614989568287593,32.0,1.0
36,No,Travel_Rarely,1351,Research & Development,26,4,Life Sciences,1,Male,80,3,2,Healthcare Representative,3,Married,7419,6,No,14,3,2,2,10,2,2,3,2,0,2,13.63485,0.7850535897812362,26.0,1.2
44,No,Travel_Rarely,528,Human Resources,1,3,Life Sciences,3,Female,44,3,1,Human Resources,4,Divorced,4167,4,Yes,18,3,1,3,8,2,3,2,2,2,2,8.14725,1.0329776915615907,2.0,1.2
23,Yes,Travel_Rarely,1320,Research & Development,8,1,Medical,4,Male,93,2,1,Laboratory Technician,3,Single,20586,1,Yes,11,3,1,0,5,2,3,5,4,1,2,10.17195,1.3821898821898821,16.0,1.2
38,No,Travel_Rarely,1495,Research & Development,4,2,Medical,4,Female,87,3,1,Laboratory Technician,3,Married,26176,7,No,19,3,4,1,7,5,2,0,0,0,0,8.4303,1.1455301455301456,4.0,1.2
53,No,Travel_Rarely,1395,Research & Development,24,4,Medical,2,Male,48,4,3,Healthcare Representative,4,Married,3458,3,No,15,3,3,0,11,2,3,4,3,1,2,17.86275,1.0284833357803551,24.0,1.2
48,Yes,Travel_Frequently,708,Sales,7,2,Medical,4,Female,95,3,1,Sales Representative,3,Married,11740,2,Yes,11,3,3,2,19,3,3,9,7,7,7,6.77025,1.0294687863512988,14.0,1.2
32,Yes,Travel_Rarely,1259,Research & Development,2,4,Life Sciences,4,Male,95,3,1,Laboratory Technician,2,Single,24852,1,No,12,3,1,0,1,2,3,1,0,0,0,3.55215,0.48267498267498266,2.0,1.2
26,No,Non-Travel,786,Research & Development,7,3,Medical,4,Male,76,3,1,Laboratory Technician,4,Single,11925,1,No,20,4,3,0,7,5,3,7,7,5,7,6.5535,0.8905058905058905,7.0,1.2
55,No,Travel_Rarely,1441,Research & Development,22,3,Technical Degree,1,Male,94,2,1,Research Scientist,2,Divorced,23737,5,No,12,3,4,1,8,1,3,4,2,1,2,9.01935,1.2249350649350648,22.0,1.4
34,No,Travel_Rarely,1157,Research & Development,5,2,Medical,2,Male,57,2,2,Laboratory Technician,4,Married,11912,1,No,14,3,3,1,15,3,4,15,10,4,13,10.1643,1.3811503811503811,5.0,1.2
60,No,Travel_Rarely,370,Research & Development,1,4,Medical,3,Male,92,1,3,Healthcare Representative,4,Divorced,20467,3,No,20,4,3,1,19,2,4,1,0,0,0,27.75165,1.5978564087505507,1.0,1.2
33,No,Travel_Rarely,267,Research & Development,21,3,Medical,2,Male,79,4,1,Laboratory Technician,2,Married,13637,1,No,18,3,4,3,14,6,3,14,11,2,13,5.1714,0.7027027027027027,21.0,1.2
37,No,Travel_Frequently,1278,Sales,1,4,Medical,3,Male,31,1,2,Sales Executive,4,Divorced,7677,1,No,14,3,3,2,6,2,2,6,3,1,3,24.28875,1.5286470871449205,1.0,1.0
34,No,Travel_Rarely,678,Research & Development,19,3,Life Sciences,2,Female,35,2,1,Research Scientist,4,Married,20338,1,No,12,3,2,0,10,3,3,10,9,8,7,7.46895,1.0143722943722944,19.0,1.4
23,Yes,Travel_Rarely,427,Sales,7,3,Life Sciences,3,Male,99,3,1,Sales Representative,4,Divorced,25103,1,Yes,21,4,2,1,3,2,3,3,2,0,2,5.80125,0.882124854594804,14.0,1.2
44,No,Travel_Rarely,921,Research & Development,2,3,Life Sciences,3,Female,96,4,3,Healthcare Representative,4,Married,14810,1,Yes,19,3,2,1,9,2,3,8,7,6,7,20.09145,1.1568051681104095,4.0,1.2
35,No,Travel_Frequently,146,Research & Development,2,4,Medical,1,Male,79,2,1,Research Scientist,4,Single,13970,0,Yes,14,3,3,0,6,2,4,5,4,1,4,12.5715,1.7073593073593074,4.0,1.4
43,No,Travel_Rarely,1179,Sales,2,3,Medical,4,Male,73,3,2,Sales Executive,4,Married,6069,1,Yes,17,3,1,1,10,3,3,10,9,8,8,20.00985,1.2593484191943507,4.0,1.0
24,No,Travel_Rarely,581,Research & Development,9,3,Medical,3,Male,62,4,1,Research Scientist,3,Married,17616,1,No,16,3,4,1,5,1,3,5,3,0,4,11.22255,1.524155844155844,9.0,1.4
41,No,Travel_Rarely,918,Sales,6,3,Marketing,4,Male,35,3,3,Sales Executive,3,Single,15869,1,No,12,3,2,0,10,3,3,10,8,8,7,23.56455,1.4830685283261114,6.0,1.0
29,No,Travel_Rarely,1082,Research & Development,9,4,Medical,4,Female,43,3,1,Laboratory Technician,3,Married,25412,9,No,17,3,3,1,9,2,3,5,3,1,2,7.5837,1.0304920304920304,9.0,1.2
36,No,Travel_Rarely,530,Sales,2,4,Life Sciences,3,Female,51,3,2,Sales Representative,4,Single,7439,3,No,15,3,3,0,17,2,2,13,7,6,7,11.4801,1.74563784412563,2.0,1.2
45,No,Non-Travel,1238,Research & Development,1,1,Life Sciences,3,Male,74,2,3,Healthcare Representative,3,Married,3395,3,No,23,4,4,1,25,3,2,23,15,14,4,27.4074,1.578035530759066,1.0,1.2
24,Yes,Travel_Rarely,240,Human Resources,22,1,Human Resources,4,Male,58,1,1,Human Resources,3,Married,11585,1,No,11,3,3,1,1,2,3,1,0,0,0,3.96525,0.5027481409634659,22.0,1.2
47,Yes,Travel_Frequently,1093,Sales,9,3,Life Sciences,3,Male,82,1,4,Sales Executive,3,Married,24164,7,No,11,3,3,0,25,3,1,23,5,14,10,32.9868,2.0760712566201254,9.0,1.0
26,No,Travel_Rarely,390,Research & Development,17,4,Medical,4,Male,62,1,1,Laboratory Technician,3,Married,6217,1,No,15,3,3,3,3,3,4,3,2,0,2,5.87775,0.7986832986832987,17.0,1.2
45,No,Travel_Rarely,1005,Research & Development,28,2,Technical Degree,4,Female,48,2,4,Research Director,2,Single,17119,1,No,11,3,3,0,21,2,3,21,6,8,6,42.5952,1.0117504542701394,28.0,1.2
32,No,Travel_Frequently,585,Research & Development,10,3,Life Sciences,1,Male,56,3,1,Research Scientist,3,Married,17360,6,No,13,3,1,1,10,3,2,5,2,1,3,8.75415,1.1889177489177487,10.0,1.4
31,No,Travel_Rarely,741,Research & Development,2,4,Life Sciences,2,Male,69,3,1,Laboratory Technician,3,Married,18103,1,No,14,3,4,1,6,2,4,5,2,0,3,8.86635,1.2047817047817049,2.0,1.2
41,No,Non-Travel,552,Human Resources,4,3,Human Resources,3,Male,60,1,2,Human Resources,2,Married,20794,6,No,19,3,2,1,10,4,3,3,2,1,2,16.3965,2.0788878111865503,4.0,1.2
40,No,Travel_Rarely,369,Research & Development,8,2,Life Sciences,2,Female,92,3,2,Manufacturing Director,1,Married,5041,2,Yes,16,3,2,1,18,3,3,1,0,0,0,16.6158,1.0107026523964635,16.0,1.2
24,No,Travel_Rarely,506,Research & Development,29,1,Medical,2,Male,91,3,1,Laboratory Technician,1,Divorced,3622,1,No,13,3,2,3,6,2,4,6,2,1,2,9.96285,1.3537768537768538,29.0,1.2
46,No,Travel_Rarely,717,Research & Development,13,4,Life Sciences,3,Male,34,3,2,Healthcare Representative,2,Single,9697,6,No,14,3,4,0,19,3,3,10,7,0,9,14.1831,0.8166201732491557,13.0,1.2
35,No,Travel_Rarely,1370,Research & Development,27,4,Life Sciences,4,Male,49,3,2,Manufacturing Director,3,Married,5151,2,No,16,3,2,1,17,3,3,7,7,0,7,17.55165,1.0676283542733054,27.0,1.2
30,No,Travel_Rarely,793,Research & Development,16,1,Life Sciences,2,Male,33,3,1,Research Scientist,4,Married,3811,1,No,12,3,2,1,10,2,2,10,0,0,8,7.2981,0.9911688311688311,16.0,1.4
47,No,Non-Travel,543,Sales,2,4,Marketing,3,Male,87,3,2,Sales Executive,2,Married,3536,7,No,11,3,4,1,4,3,1,1,0,0,0,12.6939,0.7989086823944791,2.0,1.0
46,No,Travel_Rarely,1277,Sales,2,3,Life Sciences,3,Male,74,3,3,Sales Executive,4,Divorced,5596,4,Yes,12,3,2,1,13,5,2,10,6,0,3,26.4384,1.6639383726528647,4.0,1.0
36,Yes,Travel_Rarely,1456,Sales,13,5,Marketing,2,Male,96,2,2,Sales Executive,1,Divorced,8658,5,Yes,13,3,2,3,16,3,3,2,2,2,2,15.6417,0.9844326753330123,26.0,1.0
32,Yes,Travel_Rarely,964,Sales,1,2,Life Sciences,1,Male,34,1,2,Sales Executive,2,Single,12147,6,No,15,3,2,0,10,2,3,0,0,0,0,17.17425,1.0808858931150698,1.0,1.0
23,No,Travel_Rarely,160,Research & Development,4,1,Medical,3,Female,51,3,1,Laboratory Technician,2,Single,12862,1,No,13,3,3,0,3,3,1,3,2,1,2,8.40225,1.1417186417186418,4.0,1.2
31,No,Travel_Frequently,163,Research & Development,24,1,Technical Degree,4,Female,30,3,2,Manufacturing Director,4,Single,6670,2,No,20,4,4,0,9,3,2,5,4,1,4,13.3569,0.8124709167054444,24.0,1.2
39,No,Non-Travel,792,Research & Development,1,3,Life Sciences,4,Male,77,3,2,Laboratory Technician,4,Married,8989,1,Yes,15,3,4,1,9,2,3,9,8,5,8,16.5036,2.242550242550242,2.0,1.2
32,No,Travel_Rarely,371,Sales,19,3,Life Sciences,4,Male,80,1,3,Sales Executive,3,Married,3840,3,No,13,3,3,1,10,2,1,4,3,0,2,24.5055,1.5422885572139304,19.0,1.0
40,No,Travel_Rarely,611,Sales,7,4,Medical,2,Male,88,3,5,Manager,2,Single,4349,1,No,14,3,2,0,21,3,2,21,8,12,8,50.57415,1.136268584032771,7.0,1.8
45,No,Travel_Rarely,176,Human Resources,4,3,Life Sciences,3,Female,56,1,3,Human Resources,3,Married,6595,4,No,21,4,3,2,9,2,4,5,0,0,3,24.8778,3.154219204655674,4.0,1.2
30,No,Travel_Frequently,1312,Research & Development,2,4,Technical Degree,4,Female,78,2,1,Research Scientist,1,Single,26427,0,No,16,3,4,0,10,2,3,9,7,0,7,12.6684,1.7205194805194806,2.0,1.4
24,No,Travel_Frequently,897,Human Resources,10,3,Medical,1,Male,59,3,1,Human Resources,4,Married,2097,0,No,14,3,4,1,3,2,3,2,2,2,1,5.46975,0.6935014548981572,10.0,1.2
30,Yes,Travel_Frequently,600,Human Resources,8,3,Human Resources,3,Female,66,2,1,Human Resources,4,Divorced,9732,6,No,11,3,3,1,6,0,2,4,2,1,2,5.559,0.704817329453605,8.0,1.2
31,No,Travel_Rarely,1003,Sales,5,3,Technical Degree,1,Male,51,3,2,Sales Executive,3,Married,20943,1,No,19,3,3,1,6,3,3,5,2,0,2,21.2823,1.3394318728935963,5.0,1.0
27,No,Travel_Rarely,1054,Research & Development,8,3,Medical,3,Female,67,3,1,Research Scientist,4,Single,6152,1,No,11,3,3,0,6,5,2,6,2,1,4,8.78475,1.1930735930735932,8.0,1.4
29,Yes,Travel_Rarely,428,Sales,9,3,Marketing,2,Female,52,1,1,Sales Representative,2,Single,14630,1,No,13,3,3,0,2,3,3,2,2,2,2,7.038,1.0701822411787514,9.0,1.2
29,No,Travel_Frequently,461,Research & Development,1,3,Life Sciences,4,Male,70,4,2,Healthcare Representative,3,Single,23060,8,Yes,12,3,4,0,10,5,4,3,2,0,2,16.0497,0.9240933783585378,2.0,1.2
30,No,Travel_Rarely,979,Sales,15,2,Marketing,3,Male,94,2,3,Sales Executive,1,Divorced,3088,2,No,11,3,1,1,12,2,3,7,7,1,7,18.207,1.1458834857968223,15.0,1.0
34,No,Travel_Rarely,181,Research & Development,2,4,Medical,4,Male,97,4,1,Research Scientist,4,Married,5586,0,Yes,14,3,1,3,6,3,3,5,0,1,2,7.4766,1.0154112554112555,4.0,1.4
33,No,Non-Travel,1283,Sales,2,3,Marketing,4,Female,62,3,2,Sales Executive,2,Single,10697,8,No,15,3,4,0,13,2,2,11,7,1,7,13.12485,0.826031134649334,2.0,1.0
49,No,Travel_Rarely,1313,Sales,11,4,Marketing,4,Female,80,3,2,Sales Executive,4,Single,8191,3,No,12,3,3,0,8,1,4,5,1,0,4,11.49285,0.7233188894238485,11.0,1.0
33,Yes,Travel_Rarely,211,Sales,16,3,Life Sciences,1,Female,74,3,3,Sales Executive,1,Single,10092,2,Yes,20,4,3,0,11,2,2,0,0,0,0,21.8382,1.3744182314235274,32.0,1.0
38,No,Travel_Frequently,594,Research & Development,2,2,Medical,3,Female,75,2,1,Laboratory Technician,2,Married,15963,4,No,14,3,2,1,9,4,2,6,1,0,5,6.2934,0.8551628551628552,2.0,1.2
31,Yes,Travel_Rarely,1079,Sales,16,4,Marketing,1,Male,70,3,3,Sales Executive,3,Married,19002,2,No,13,3,1,3,10,2,3,1,0,0,0,20.81055,1.3097416145081044,16.0,1.0
29,No,Travel_Rarely,590,Research & Development,4,3,Technical Degree,4,Female,91,2,1,Research Scientist,1,Divorced,10007,1,No,13,3,3,1,1,2,3,1,0,0,0,5.37795,0.7303896103896104,4.0,1.4
30,No,Travel_Rarely,305,Research & Development,16,3,Life Sciences,3,Male,58,4,2,Healthcare Representative,3,Married,9128,3,No,16,3,3,1,10,3,3,7,0,1,7,13.4997,0.777272059903098,16.0,1.2
32,No,Non-Travel,953,Research & Development,5,4,Technical Degree,2,Male,65,3,1,Research Scientist,2,Single,17674,2,No,14,3,2,0,12,3,3,7,7,0,7,6.9309,0.9412987012987013,5.0,1.4
38,No,Travel_Rarely,833,Research & Development,18,3,Medical,2,Male,60,1,2,Healthcare Representative,4,Married,24539,3,Yes,16,3,3,1,15,2,3,1,0,1,0,14.81805,0.8531786815445602,36.0,1.2
43,Yes,Travel_Frequently,807,Research & Development,17,3,Technical Degree,3,Male,38,2,1,Research Scientist,3,Married,15587,9,Yes,16,3,4,1,6,4,3,1,0,0,0,6.21435,0.843982683982684,34.0,1.4
42,No,Travel_Rarely,855,Research & Development,12,3,Medical,2,Male,57,3,1,Laboratory Technician,2,Divorced,8952,8,No,22,4,2,3,7,6,2,5,3,0,4,7.0533,0.9584199584199584,12.0,1.2
55,No,Travel_Rarely,478,Research & Development,2,3,Medical,3,Male,60,2,5,Research Director,1,Married,19805,8,No,12,3,2,3,34,2,3,1,0,0,0,48.5469,1.1531193216232587,2.0,1.2
33,No,Non-Travel,775,Research & Development,4,3,Technical Degree,4,Male,90,3,2,Research Scientist,2,Divorced,6194,5,No,15,3,4,2,11,2,2,9,8,1,7,7.79025,1.058008658008658,4.0,1.4
41,No,Travel_Rarely,548,Research & Development,9,4,Life Sciences,3,Male,94,3,1,Laboratory Technician,1,Divorced,20520,1,No,20,4,2,2,5,2,3,5,3,0,4,5.83695,0.7931392931392931,9.0,1.2
34,No,Non-Travel,1375,Sales,10,3,Life Sciences,4,Male,87,3,2,Sales Executive,3,Divorced,12313,1,Yes,14,3,3,1,15,3,3,15,14,0,7,10.20255,0.642112020542449,20.0,1.0
53,No,Non-Travel,661,Research & Development,1,4,Medical,1,Female,60,2,4,Manufacturing Director,3,Married,22308,4,Yes,20,4,4,3,27,2,2,3,2,0,2,33.06075,2.0110128742050564,2.0,1.2
43,No,Travel_Rarely,244,Human Resources,2,3,Life Sciences,2,Male,97,3,1,Human Resources,4,Single,5033,0,No,13,3,2,0,10,5,3,9,7,1,8,9.02445,1.144196572906563,2.0,1.2
34,No,Travel_Rarely,511,Sales,3,2,Life Sciences,4,Female,32,1,2,Sales Executive,4,Single,25353,5,No,12,3,1,0,6,3,3,2,2,2,2,15.37395,0.9675814476007061,3.0,1.0
21,Yes,Travel_Rarely,337,Sales,7,1,Marketing,2,Male,31,3,1,Sales Representative,2,Single,4567,1,No,13,3,2,0,1,3,3,1,0,1,0,6.83145,1.038774718883288,7.0,1.2
38,No,Travel_Rarely,1153,Research & Development,6,2,Other,4,Female,40,2,1,Laboratory Technician,3,Married,16376,1,No,11,3,2,1,5,3,3,5,4,0,4,9.4401,1.2827442827442825,6.0,1.2
22,Yes,Travel_Rarely,1294,Research & Development,8,1,Medical,3,Female,79,3,1,Laboratory Technician,1,Married,15999,1,Yes,17,3,3,0,1,6,3,1,0,0,0,6.1149,0.8309078309078308,16.0,1.2
31,No,Travel_Rarely,196,Sales,29,4,Marketing,1,Female,91,2,2,Sales Executive,4,Married,13402,1,No,14,3,1,2,13,3,3,12,7,5,7,13.9434,0.8775477451452415,29.0,1.0
51,No,Travel_Rarely,942,Research & Development,3,3,Technical Degree,1,Female,53,3,3,Manager,3,Married,22984,2,No,11,3,4,0,15,2,3,2,2,2,2,33.4458,0.7514394568735856,3.0,1.8
37,No,Travel_Rarely,589,Sales,9,2,Marketing,2,Male,46,2,2,Sales Executive,2,Married,8800,1,No,14,3,1,2,5,2,3,5,2,0,3,10.68195,0.6722837425774354,9.0,1.0
46,No,Travel_Rarely,734,Research & Development,2,4,Medical,3,Male,46,3,5,Research Director,4,Divorced,14218,7,Yes,17,3,3,1,24,3,3,2,1,2,2,49.2864,1.1706844336765598,4.0,1.2
36,No,Travel_Rarely,1383,Research & Development,10,3,Life Sciences,4,Male,90,3,3,Healthcare Representative,1,Married,25949,7,Yes,13,3,4,1,15,1,3,12,8,5,7,21.21855,1.221700190867714,20.0,1.2
44,Yes,Travel_Frequently,429,Research & Development,1,2,Medical,3,Male,99,3,1,Research Scientist,2,Divorced,11092,1,Yes,12,3,3,3,6,2,2,5,3,2,3,5.9721,0.8110822510822511,2.0,1.4
37,No,Travel_Rarely,1239,Human Resources,8,2,Other,3,Male,89,3,2,Human Resources,2,Divorced,12832,2,No,13,3,3,0,19,4,2,10,0,4,7,10.38105,1.3161978661493696,8.0,1.2
35,Yes,Travel_Rarely,303,Sales,27,3,Life Sciences,3,Male,84,3,2,Sales Executive,4,Single,13492,1,Yes,18,3,4,0,10,2,3,10,7,7,7,14.82315,0.9329160648371048,54.0,1.0
33,No,Travel_Rarely,867,Research & Development,8,4,Life Sciences,4,Male,90,4,1,Research Scientist,1,Married,6076,6,No,19,3,2,1,14,1,3,10,8,7,6,8.01465,1.0884848484848484,8.0,1.4
28,No,Travel_Rarely,1181,Research & Development,1,3,Life Sciences,3,Male,82,3,1,Research Scientist,4,Married,5531,1,No,11,3,3,1,5,6,4,5,3,0,3,5.2122,0.7078787878787879,1.0,1.4
39,No,Travel_Rarely,1253,Research & Development,10,1,Medical,3,Male,65,3,3,Research Director,3,Single,7914,7,No,21,4,3,0,9,3,3,4,3,2,2,34.3332,0.8155057540884313,10.0,1.2
46,No,Non-Travel,849,Sales,26,2,Life Sciences,2,Male,98,2,2,Sales Executive,2,Single,25166,8,No,15,3,3,0,6,3,3,2,2,2,2,20.37705,1.282458674370085,26.0,1.0
40,No,Travel_Rarely,616,Research & Development,2,2,Life Sciences,3,Female,99,3,1,Laboratory Technician,1,Married,25605,4,No,17,3,4,1,7,5,2,4,3,0,2,8.61135,1.1701316701316702,2.0,1.2
42,No,Travel_Rarely,1128,Research & Development,13,3,Medical,2,Male,95,4,2,Healthcare Representative,1,Married,5696,5,No,18,3,3,2,10,2,2,0,0,0,0,14.1219,0.8130964616062252,13.0,1.2
35,No,Non-Travel,1180,Research & Development,2,2,Medical,2,Male,90,3,2,Manufacturing Director,4,Divorced,24442,2,No,14,3,3,1,15,6,3,7,7,1,7,14.6931,0.8937490305568481,2.0,1.2
38,No,Non-Travel,1336,Human Resources,2,3,Human Resources,1,Male,100,3,1,Human Resources,2,Divorced,7129,5,No,13,3,4,3,13,3,3,11,10,3,8,6.6096,0.8380213385063046,2.0,1.2
34,Yes,Travel_Frequently,234,Research & Development,9,4,Life Sciences,4,Male,93,3,2,Laboratory Technician,1,Married,6208,4,No,17,3,3,1,11,3,2,7,1,0,7,13.6323,1.8523908523908525,9.0,1.2
37,Yes,Travel_Rarely,370,Research & Development,10,4,Medical,4,Male,58,3,2,Manufacturing Director,1,Single,4992,1,No,15,3,2,0,10,4,1,10,3,0,8,10.74315,0.653482239801458,10.0,1.2
39,No,Travel_Frequently,766,Sales,20,3,Life Sciences,3,Male,83,3,2,Sales Executive,4,Divorced,19188,2,No,18,3,4,1,7,6,3,2,1,2,2,10.52385,0.6623334938212164,20.0,1.0
43,No,Non-Travel,343,Research & Development,9,3,Life Sciences,1,Male,52,3,1,Research Scientist,3,Single,24978,4,No,13,3,3,0,7,2,2,3,2,1,2,6.2169,0.8443290043290043,9.0,1.4
41,No,Travel_Rarely,447,Research & Development,5,3,Life Sciences,2,Male,85,4,2,Healthcare Representative,2,Single,15530,3,No,12,3,1,0,11,3,1,3,2,1,2,17.5185,1.008662457788871,5.0,1.2
41,No,Travel_Rarely,796,Sales,4,1,Marketing,3,Female,81,3,3,Sales Executive,3,Divorced,26458,0,Yes,13,3,4,1,23,3,4,22,14,13,5,26.63985,1.6766169154228854,8.0,1.0
30,No,Travel_Rarely,1092,Research & Development,10,3,Medical,1,Female,64,3,3,Manufacturing Director,3,Single,2739,9,No,14,3,2,0,9,3,3,7,7,0,2,24.65085,1.499457111834962,10.0,1.2
26,Yes,Travel_Rarely,920,Human Resources,20,2,Medical,4,Female,69,3,1,Human Resources,2,Married,6889,0,Yes,11,3,3,0,6,3,3,5,1,1,4,5.4774,0.6944713870029098,40.0,1.2
46,Yes,Travel_Rarely,261,Research & Development,21,2,Medical,4,Female,66,3,2,Healthcare Representative,2,Married,10842,4,No,22,4,4,1,13,2,4,9,7,3,7,22.7613,1.310527088533255,21.0,1.2
40,No,Travel_Rarely,1194,Research & Development,1,3,Life Sciences,3,Female,52,3,2,Healthcare Representative,4,Divorced,9060,4,No,17,3,4,1,12,3,3,5,3,0,3,16.60815,0.9562472471002789,1.0,1.2
34,No,Travel_Rarely,810,Sales,8,2,Technical Degree,2,Male,92,4,2,Sales Executive,3,Married,22128,1,No,21,4,3,2,10,5,3,10,8,4,8,17.33745,1.0911571176376182,8.0,1.0
58,No,Non-Travel,350,Sales,2,3,Medical,2,Male,52,3,4,Manager,2,Divorced,22577,4,No,22,4,4,1,37,0,2,16,9,14,14,41.54205,0.9333409722421153,2.0,1.8
35,No,Travel_Rarely,185,Research & Development,23,4,Medical,2,Male,91,1,1,Laboratory Technician,3,Married,9696,0,No,16,3,2,1,6,2,4,5,4,0,3,6.89775,0.9372834372834373,23.0,1.2
47,No,Travel_Rarely,1001,Research & Development,4,3,Life Sciences,3,Female,92,2,3,Manufacturing Director,2,Divorced,19271,8,Yes,12,3,3,1,28,4,3,22,11,14,10,26.34915,1.602760974096479,8.0,1.2
40,No,Travel_Rarely,750,Research & Development,12,3,Life Sciences,2,Female,47,3,2,Healthcare Representative,1,Divorced,10748,2,No,12,3,2,1,15,3,3,7,4,7,7,11.3424,0.6530612244897959,12.0,1.2
54,No,Travel_Rarely,431,Research & Development,7,4,Medical,4,Female,68,3,2,Research Scientist,4,Married,15696,4,No,15,3,2,1,14,2,2,7,1,1,7,17.4777,2.3736796536796536,7.0,1.4
31,No,Travel_Frequently,1125,Sales,7,4,Marketing,1,Female,68,3,3,Sales Executive,1,Married,8277,2,No,14,3,4,2,9,3,3,3,2,2,2,24.57435,1.5466217300593803,7.0,1.0
28,No,Travel_Rarely,1217,Research & Development,1,3,Medical,3,Female,67,3,1,Research Scientist,1,Married,12719,1,No,25,4,3,1,3,3,3,3,2,1,2,9.15705,1.2436363636363637,1.0,1.4
38,No,Travel_Rarely,723,Sales,2,4,Marketing,2,Female,77,1,2,Sales Representative,4,Married,4244,2,Yes,20,4,1,2,20,4,2,4,2,0,3,13.78275,2.0957735556417214,4.0,1.2
26,No,Travel_Rarely,572,Sales,10,3,Medical,3,Male,46,3,2,Sales Executive,4,Single,9125,1,No,13,3,1,0,5,4,3,5,3,1,2,11.9442,0.7517252447440218,10.0,1.0
58,No,Travel_Frequently,1216,Research & Development,15,4,Life Sciences,1,Male,87,3,4,Research Director,3,Married,21624,2,Yes,14,3,2,0,23,3,3,2,2,2,2,40.25685,0.9562083585705634,30.0,1.2
18,No,Non-Travel,1431,Research & Development,14,3,Medical,2,Female,33,3,1,Research Scientist,3,Single,8018,1,No,16,3,3,0,0,4,1,0,0,0,0,3.8607,0.5243290043290043,14.0,1.4
31,Yes,Travel_Rarely,359,Human Resources,18,5,Human Resources,4,Male,89,4,1,Human Resources,1,Married,21495,0,No,17,3,3,0,2,4,3,1,0,0,0,7.5378,0.9557064338829615,18.0,1.2
29,Yes,Travel_Rarely,350,Human Resources,13,3,Human Resources,1,Male,56,2,1,Human Resources,1,Divorced,3157,4,Yes,15,3,4,3,4,3,3,2,2,2,0,5.95425,0.7549304881991594,26.0,1.2
45,No,Non-Travel,589,Sales,2,4,Life Sciences,3,Female,67,3,2,Sales Executive,3,Married,19665,4,No,22,4,2,2,10,3,4,8,7,5,7,13.1427,0.8271545498314876,2.0,1.0
36,No,Travel_Rarely,430,Research & Development,2,4,Other,4,Female,73,3,2,Research Scientist,2,Married,19573,4,Yes,22,4,4,1,15,2,3,1,0,0,0,17.7531,2.411082251082251,4.0,1.4
43,No,Travel_Frequently,1422,Sales,2,4,Life Sciences,1,Male,92,3,2,Sales Executive,4,Married,19246,1,No,20,4,3,1,7,5,3,7,7,7,7,14.47125,0.9107687369603594,2.0,1.0
27,No,Travel_Frequently,1297,Research & Development,5,2,Life Sciences,4,Female,53,3,1,Laboratory Technician,4,Single,19826,0,Yes,14,3,3,0,6,3,2,5,4,0,2,6.06645,0.8243243243243242,10.0,1.2
29,No,Travel_Frequently,574,Research & Development,20,1,Medical,4,Male,40,3,1,Laboratory Technician,4,Married,7003,1,No,13,3,2,0,11,3,4,11,8,3,10,9.7206,1.3208593208593207,20.0,1.2
32,No,Travel_Frequently,1318,Sales,10,4,Marketing,4,Male,79,3,2,Sales Executive,4,Single,26075,8,No,13,3,3,0,4,2,4,0,0,0,0,11.8524,0.7459476809500882,10.0,1.0
42,No,Non-Travel,355,Research & Development,10,4,Technical Degree,3,Male,38,3,1,Research Scientist,3,Married,6161,3,No,22,4,2,2,10,1,2,6,3,3,3,7.4868,1.0167965367965368,10.0,1.4
47,No,Travel_Rarely,207,Research & Development,9,4,Life Sciences,2,Female,64,3,1,Laboratory Technician,3,Single,5411,4,No,12,3,3,0,7,2,3,2,2,2,0,5.36775,0.7293832293832294,9.0,1.2
46,No,Travel_Rarely,706,Research & Development,2,2,Life Sciences,4,Male,82,3,3,Manufacturing Director,4,Divorced,19989,3,No,14,3,3,1,12,4,2,9,8,4,7,21.8739,1.330541337055995,2.0,1.2
28,No,Non-Travel,280,Human Resources,1,2,Life Sciences,3,Male,43,3,1,Human Resources,4,Divorced,10494,1,No,15,3,2,1,3,2,3,3,2,2,2,6.9003,0.8748787584869059,1.0,1.2
29,No,Travel_Rarely,726,Research & Development,29,1,Life Sciences,4,Male,93,1,2,Healthcare Representative,3,Divorced,21143,8,No,17,3,4,2,11,3,3,7,0,1,6,16.2792,0.9373072970195272,29.0,1.2
42,No,Travel_Rarely,1142,Research & Development,8,3,Life Sciences,4,Male,81,3,1,Laboratory Technician,3,Single,13624,4,No,13,3,4,0,8,3,3,0,0,0,0,10.1184,1.3749133749133748,8.0,1.2
32,Yes,Travel_Rarely,414,Sales,2,4,Marketing,3,Male,82,2,2,Sales Executive,2,Single,26186,7,Yes,12,3,3,0,7,3,2,2,2,2,2,25.26285,1.5899534585138821,4.0,1.0
46,No,Travel_Rarely,1319,Sales,3,3,Technical Degree,1,Female,45,4,4,Sales Executive,1,Divorced,7739,2,No,12,3,4,1,25,5,3,19,17,2,8,33.72375,2.1224522548547586,3.0,1.0
27,No,Travel_Rarely,728,Sales,23,1,Medical,2,Female,36,2,2,Sales Representative,3,Married,7018,1,No,21,4,4,1,9,5,3,9,8,5,8,9.027,1.3726250484683984,23.0,1.2
29,No,Travel_Rarely,352,Human Resources,6,1,Medical,4,Male,87,2,1,Human Resources,2,Married,15434,1,No,11,3,4,0,1,3,3,1,0,0,0,7.1502,0.9065632072421597,6.0,1.2
43,No,Travel_Rarely,823,Research & Development,6,3,Medical,1,Female,81,2,5,Manager,3,Married,22539,7,No,13,3,4,0,21,2,3,16,12,6,14,49.4496,1.111002893236701,6.0,1.8
48,No,Travel_Rarely,1224,Research & Development,10,3,Life Sciences,4,Male,91,2,5,Research Director,2,Married,13583,4,No,12,3,4,0,29,3,3,22,10,12,9,50.14575,1.1910963052695338,10.0,1.2
29,Yes,Travel_Frequently,459,Research & Development,24,2,Life Sciences,4,Male,73,2,1,Research Scientist,4,Single,14753,1,Yes,24,4,2,0,1,3,2,1,0,1,0,6.21945,0.8446753246753247,48.0,1.4
46,Yes,Travel_Rarely,1254,Sales,10,3,Life Sciences,3,Female,64,3,3,Sales Executive,2,Married,14011,5,No,21,4,3,3,14,2,3,8,7,0,7,18.6507,1.1738083774675012,10.0,1.0
27,No,Travel_Frequently,1131,Research & Development,15,3,Life Sciences,4,Female,77,2,1,Research Scientist,1,Married,23844,0,No,19,3,4,1,8,2,2,7,6,7,3,12.1737,1.6533333333333333,15.0,1.4
39,No,Travel_Rarely,835,Research & Development,19,4,Other,4,Male,41,3,2,Research Scientist,4,Divorced,5141,8,No,14,3,2,3,7,2,3,2,2,2,2,9.9501,1.3513419913419915,19.0,1.4
55,No,Travel_Rarely,836,Research & Development,2,4,Technical Degree,2,Male,98,2,1,Research Scientist,4,Married,7975,8,No,20,4,2,1,19,2,4,5,2,0,4,6.7881,0.9219047619047619,2.0,1.4
28,No,Travel_Rarely,1172,Sales,3,3,Medical,2,Female,78,3,1,Sales Representative,2,Married,3692,1,No,19,3,4,1,1,3,3,1,0,0,0,7.2828,1.107405971306708,3.0,1.2
30,Yes,Travel_Rarely,945,Sales,9,3,Medical,2,Male,89,3,1,Sales Representative,4,Single,16019,1,No,13,3,3,0,1,3,2,1,0,0,0,2.75655,0.4191547111283443,9.0,1.2
22,Yes,Travel_Rarely,391,Research & Development,7,1,Life Sciences,4,Male,75,3,1,Research Scientist,2,Single,26092,1,Yes,23,4,1,0,1,2,3,1,0,0,0,6.3036,0.8561038961038961,14.0,1.4
36,No,Travel_Rarely,1266,Sales,10,4,Technical Degree,2,Female,63,2,2,Sales Executive,3,Married,6060,1,Yes,13,3,1,1,10,4,3,10,9,1,7,14.46615,0.9104477611940298,20.0,1.0
31,No,Travel_Rarely,311,Research & Development,20,3,Life Sciences,2,Male,89,3,2,Laboratory Technician,3,Divorced,18624,1,No,11,3,1,1,10,2,3,10,8,0,2,10.70235,1.4542619542619541,20.0,1.2
34,No,Travel_Rarely,1480,Sales,4,3,Life Sciences,3,Male,64,3,3,Sales Executive,4,Married,24444,2,Yes,13,3,4,3,9,3,3,5,3,1,0,24.76815,1.5588188091799067,8.0,1.0
29,No,Travel_Rarely,592,Research & Development,7,3,Life Sciences,4,Male,59,3,1,Laboratory Technician,1,Single,19384,3,No,14,3,2,0,11,2,3,3,2,1,2,5.2581,0.7144837144837144,7.0,1.2
37,No,Travel_Rarely,783,Research & Development,7,4,Medical,4,Male,78,3,2,Research Scientist,1,Married,13588,5,Yes,22,4,3,1,16,2,3,5,3,0,4,10.9242,1.4836363636363636,14.0,1.4
35,No,Travel_Rarely,219,Research & Development,16,2,Other,4,Female,44,2,2,Manufacturing Director,2,Married,25388,0,Yes,11,3,4,0,4,2,3,3,2,0,2,12.2094,0.742671009771987,32.0,1.2
45,No,Travel_Rarely,556,Research & Development,25,2,Life Sciences,2,Female,93,2,2,Manufacturing Director,4,Married,23888,0,No,13,3,4,2,10,2,2,9,8,3,8,15.0603,0.9160850007755545,25.0,1.2
36,No,Travel_Frequently,1213,Human Resources,2,1,Human Resources,2,Male,94,2,2,Human Resources,4,Single,4223,1,No,21,4,4,0,10,2,2,10,1,0,8,9.9093,1.2563853863562884,2.0,1.2
40,No,Travel_Rarely,1137,Research & Development,1,4,Life Sciences,1,Male,98,3,4,Manager,1,Divorced,18991,2,No,11,3,1,1,22,3,3,19,7,11,16,42.89865,0.9638202182818185,1.0,1.8
26,No,Travel_Rarely,482,Research & Development,1,2,Life Sciences,2,Female,90,2,1,Research Scientist,3,Married,14908,1,Yes,13,3,3,1,1,3,2,1,0,1,0,7.47915,1.0157575757575756,2.0,1.4
27,No,Travel_Rarely,511,Sales,2,2,Medical,1,Female,89,4,2,Sales Executive,3,Single,26997,0,No,14,3,2,0,9,5,2,8,7,0,7,16.575,1.0431712405713367,2.0,1.0
48,No,Travel_Frequently,117,Research & Development,22,3,Medical,4,Female,58,3,4,Manager,4,Divorced,2437,3,No,11,3,2,1,24,3,3,22,17,4,7,43.7937,0.9839296456501189,22.0,1.8
44,No,Travel_Rarely,170,Research & Development,1,4,Life Sciences,2,Male,78,4,2,Healthcare Representative,1,Married,9364,2,No,15,3,4,1,10,5,3,2,0,2,2,12.83415,0.7389516957862281,1.0,1.2
34,Yes,Non-Travel,967,Research & Development,16,4,Technical Degree,4,Male,85,1,1,Research Scientist,1,Married,14460,1,Yes,23,4,2,1,5,2,3,5,2,3,0,5.88285,0.798961038961039,32.0,1.4
56,Yes,Travel_Rarely,1162,Research & Development,24,2,Life Sciences,1,Male,97,3,1,Laboratory Technician,4,Single,10261,1,No,16,3,4,0,5,3,3,4,2,1,0,6.59685,0.8963963963963963,24.0,1.2
36,No,Travel_Rarely,335,Sales,17,2,Marketing,3,Male,33,2,2,Sales Executive,2,Married,16822,2,No,16,3,3,2,12,1,1,4,2,1,3,14.04285,0.8838067725886695,17.0,1.0
41,No,Travel_Rarely,337,Sales,8,3,Marketing,3,Female,54,3,2,Sales Executive,2,Married,26841,5,No,21,4,3,1,14,3,3,5,4,1,4,11.20215,0.7050232707430588,8.0,1.0
42,No,Travel_Rarely,1396,Research & Development,6,3,Medical,3,Male,83,3,3,Research Director,1,Married,14842,9,No,13,3,2,1,18,3,4,13,7,5,7,34.0374,0.8084797092671109,6.0,1.2
31,No,Travel_Rarely,1079,Sales,10,2,Medical,3,Female,86,3,2,Sales Executive,4,Divorced,20115,2,Yes,11,3,4,1,8,2,3,5,2,1,4,16.78665,1.056491734874017,20.0,1.0
34,No,Travel_Rarely,735,Sales,3,1,Medical,4,Female,75,2,2,Sales Executive,4,Married,16495,3,Yes,12,3,3,0,9,3,2,4,2,0,1,20.66265,1.3004333172845448,6.0,1.0
31,No,Travel_Rarely,471,Research & Development,4,3,Medical,1,Female,62,4,1,Laboratory Technician,3,Divorced,16031,8,No,12,3,2,1,4,0,2,2,2,2,2,10.1439,1.3783783783783783,4.0,1.2
26,No,Travel_Frequently,1096,Research & Development,6,3,Other,3,Male,61,4,1,Laboratory Technician,4,Married,7102,0,No,18,3,1,1,8,3,3,7,7,7,7,6.4872,0.8814968814968814,6.0,1.2
45,No,Travel_Frequently,1297,Research & Development,1,4,Medical,2,Male,44,3,2,Healthcare Representative,3,Single,14511,4,No,12,3,3,0,12,3,3,4,2,0,3,13.76745,0.7926882983409191,1.0,1.2
33,No,Travel_Rarely,217,Sales,10,4,Marketing,2,Male,43,3,2,Sales Executive,3,Single,10410,1,No,14,3,2,0,10,2,2,10,4,0,9,13.99185,0.880597014925373,10.0,1.0
28,No,Travel_Frequently,783,Sales,1,2,Life Sciences,3,Male,42,2,2,Sales Executive,4,Married,19255,1,Yes,12,3,3,1,7,2,3,7,7,0,7,17.4267,1.096774193548387,2.0,1.0
29,Yes,Travel_Frequently,746,Sales,24,3,Technical Degree,3,Male,45,4,1,Sales Representative,1,Single,10642,1,No,17,3,4,0,1,3,3,1,0,0,0,2.78205,0.4230321830166731,24.0,1.2
39,No,Non-Travel,1251,Sales,21,4,Life Sciences,1,Female,32,1,2,Sales Executive,3,Married,3987,6,No,19,3,3,1,10,1,3,3,2,1,2,14.6268,0.9205584978334135,21.0,1.0
27,No,Travel_Rarely,1354,Research & Development,2,4,Technical Degree,2,Male,41,3,1,Research Scientist,2,Married,6073,1,No,11,3,3,1,6,3,2,5,3,1,2,5.6763,0.770909090909091,2.0,1.4
34,No,Travel_Frequently,735,Research & Development,22,4,Other,3,Male,86,2,2,Research Scientist,4,Married,26496,1,Yes,15,3,2,0,16,3,3,15,10,6,11,14.65485,1.9903030303030302,44.0,1.4
28,Yes,Travel_Rarely,1475,Sales,13,2,Marketing,4,Female,84,3,2,Sales Executive,3,Single,23352,3,Yes,11,3,4,0,6,0,3,2,0,2,2,25.1277,1.5814476007061467,26.0,1.0
47,No,Non-Travel,1169,Research & Development,14,4,Technical Degree,3,Male,64,3,2,Research Scientist,2,Married,2125,8,No,18,3,3,1,16,4,4,8,7,1,7,13.94085,1.893333333333333,14.0,1.4
56,No,Travel_Rarely,1443,Sales,11,5,Marketing,4,Female,89,2,2,Sales Executive,1,Married,20328,4,No,16,3,3,1,6,3,3,0,0,0,0,13.719,0.8634248114267372,11.0,1.0
39,No,Travel_Rarely,867,Research & Development,9,2,Medical,1,Male,87,3,2,Manufacturing Director,1,Married,12315,1,No,25,4,4,1,10,3,3,10,0,7,9,13.13505,0.7989762680316426,9.0,1.2
38,No,Travel_Frequently,1394,Research & Development,8,3,Medical,4,Female,58,2,2,Research Scientist,2,Divorced,18115,1,Yes,16,3,3,1,20,3,3,20,11,0,7,5.43915,0.7387012987012986,16.0,1.4
58,No,Travel_Rarely,605,Sales,21,3,Life Sciences,4,Female,72,3,4,Manager,4,Married,11761,4,Yes,13,3,3,1,29,2,2,1,0,0,0,45.58125,1.0240912085708556,42.0,1.8
32,Yes,Travel_Frequently,238,Research & Development,5,2,Life Sciences,1,Female,47,4,1,Research Scientist,3,Single,15318,3,Yes,14,3,1,0,8,2,3,4,1,0,3,6.2016,0.8422510822510823,10.0,1.4
38,No,Travel_Rarely,1206,Research & Development,9,2,Life Sciences,2,Male,71,3,1,Research Scientist,4,Divorced,14293,2,No,19,3,4,2,10,0,4,5,2,0,3,12.16605,1.6522943722943724,9.0,1.4
49,No,Travel_Frequently,1064,Research & Development,2,1,Life Sciences,2,Male,42,3,5,Research Director,4,Married,13738,3,No,15,3,4,0,28,3,3,5,4,4,3,48.86055,1.1605693519079348,2.0,1.2
42,No,Travel_Rarely,419,Sales,12,4,Marketing,2,Male,77,3,2,Sales Executive,4,Divorced,2900,3,Yes,12,3,3,2,14,4,3,0,0,0,0,12.97185,0.8164018616594446,24.0,1.0
27,Yes,Travel_Frequently,1337,Human Resources,22,3,Human Resources,1,Female,58,2,1,Human Resources,2,Married,19555,1,No,12,3,1,0,1,2,3,1,0,0,0,7.30065,0.9256385386356288,22.0,1.2
35,No,Travel_Rarely,682,Sales,18,4,Medical,2,Male,71,3,2,Sales Executive,1,Married,15975,0,No,16,3,4,1,6,2,1,5,3,0,4,14.18055,0.8924731182795699,18.0,1.0
28,No,Non-Travel,1103,Research & Development,16,3,Medical,3,Male,49,3,1,Research Scientist,3,Single,2122,1,No,14,3,3,0,5,3,2,5,3,1,4,5.4672,0.7425108225108225,16.0,1.4
31,No,Non-Travel,976,Research & Development,3,2,Medical,3,Male,48,3,1,Research Scientist,1,Divorced,3995,1,Yes,13,3,4,1,4,3,4,4,2,2,3,7.81575,1.0614718614718615,6.0,1.4
36,No,Non-Travel,1351,Research & Development,9,4,Life Sciences,1,Male,66,4,1,Laboratory Technician,2,Married,9238,1,No,22,4,2,0,5,3,3,5,4,0,2,7.1655,0.9736659736659736,9.0,1.2
34,No,Travel_Rarely,937,Sales,1,3,Marketing,1,Male,32,3,3,Sales Executive,4,Single,6770,1,No,21,4,1,0,14,3,2,14,8,2,1,25.2144,1.5869041887337505,1.0,1.0
34,No,Travel_Rarely,1239,Sales,13,4,Medical,4,Male,39,3,3,Sales Executive,3,Divorced,22914,1,No,18,3,3,1,9,2,2,8,7,1,1,22.0014,1.384689455946076,13.0,1.0
26,No,Travel_Rarely,157,Research & Development,1,3,Medical,3,Male,95,3,1,Laboratory Technician,1,Single,20006,0,No,13,3,4,0,8,6,2,7,7,7,6,7.31085,0.9934164934164934,1.0,1.2
29,No,Travel_Rarely,136,Research & Development,1,3,Life Sciences,1,Male,89,3,2,Healthcare Representative,1,Married,6225,0,No,12,3,1,1,6,5,2,5,3,0,2,13.70115,0.7888709440610777,1.0,1.2
32,No,Non-Travel,1146,Research & Development,15,4,Medical,3,Female,34,3,2,Healthcare Representative,4,Divorced,16542,5,No,18,3,2,1,9,6,3,5,1,1,2,17.00085,0.9788577301424166,15.0,1.2
31,No,Travel_Frequently,1125,Research & Development,1,3,Life Sciences,4,Male,48,1,2,Research Scientist,1,Married,5771,1,No,21,4,2,0,10,6,3,10,8,8,7,12.75765,1.7326406926406925,1.0,1.4
28,Yes,Travel_Rarely,1404,Research & Development,17,3,Technical Degree,3,Male,32,2,1,Laboratory Technician,4,Divorced,18779,5,No,12,3,1,1,6,2,2,4,1,0,3,6.03585,0.8201663201663202,17.0,1.2
38,No,Travel_Rarely,1404,Sales,1,3,Life Sciences,1,Male,59,2,1,Sales Representative,1,Single,11473,4,No,14,3,1,0,20,3,2,1,0,0,0,7.2879,1.1081814656843736,1.0,1.2
35,No,Travel_Rarely,1224,Sales,7,4,Life Sciences,3,Female,55,3,2,Sales Executive,4,Married,13586,1,Yes,11,3,4,0,10,2,3,10,8,0,9,13.2702,0.8351789439897288,14.0,1.0
27,No,Travel_Rarely,954,Sales,9,3,Marketing,4,Male,44,3,2,Sales Executive,4,Single,5099,1,No,14,3,1,0,7,5,3,7,7,0,7,10.46775,0.6588027603915905,9.0,1.0
32,No,Travel_Rarely,1373,Research & Development,5,4,Life Sciences,4,Male,56,2,2,Manufacturing Director,4,Single,10138,8,No,24,4,2,0,8,1,3,1,0,0,0,24.68145,1.501318442686521,5.0,1.2
31,Yes,Travel_Frequently,754,Sales,26,4,Marketing,1,Male,63,3,2,Sales Executive,4,Married,21075,1,Yes,11,3,3,0,10,4,3,10,7,0,8,14.32335,0.9014604397367998,52.0,1.0
53,Yes,Travel_Rarely,1168,Sales,24,4,Life Sciences,1,Male,66,3,3,Sales Executive,1,Single,5843,6,Yes,13,3,2,0,15,2,2,2,2,2,2,26.6424,1.6767774033060503,48.0,1.0
54,No,Travel_Rarely,155,Research & Development,9,2,Life Sciences,1,Female,67,3,2,Research Scientist,3,Married,22474,3,No,11,3,3,2,9,6,2,4,3,2,3,7.38735,1.0032900432900431,9.0,1.4
33,No,Travel_Frequently,1303,Research & Development,7,2,Life Sciences,4,Male,36,3,2,Healthcare Representative,3,Divorced,18079,1,No,20,4,3,3,9,2,3,9,7,2,8,15.2184,0.8762296285420643,7.0,1.2
43,No,Travel_Rarely,574,Research & Development,11,3,Life Sciences,1,Male,30,3,3,Healthcare Representative,3,Married,16873,1,No,17,3,2,1,10,1,3,10,9,0,9,19.1505,1.1026281016003525,11.0,1.2
38,No,Travel_Frequently,1444,Human Resources,1,4,Other,4,Male,88,3,1,Human Resources,2,Married,5224,0,Yes,11,3,2,1,7,2,3,6,2,1,2,7.62705,0.9670223084384093,2.0,1.2
55,No,Travel_Rarely,189,Human Resources,26,4,Human Resources,3,Male,71,4,5,Manager,2,Married,25811,4,Yes,18,3,1,1,35,0,3,10,9,1,4,50.0718,1.1249820963075425,52.0,1.8
31,No,Travel_Rarely,1276,Research & Development,2,1,Medical,4,Female,59,1,1,Laboratory Technician,4,Divorced,17536,1,Yes,11,3,3,3,1,4,3,1,0,0,0,2.87895,0.39119889119889123,4.0,1.2
39,No,Travel_Rarely,119,Sales,15,4,Marketing,2,Male,77,3,4,Sales Executive,1,Single,25098,0,No,12,3,1,0,21,3,3,20,8,11,10,34.01955,2.141068849301878,15.0,1.0
42,No,Non-Travel,335,Research & Development,23,2,Life Sciences,4,Male,37,2,2,Research Scientist,3,Single,14811,1,No,12,3,4,0,20,2,3,20,9,3,7,11.0466,1.5002597402597402,23.0,1.4
31,No,Non-Travel,697,Research & Development,10,3,Medical,3,Female,40,3,3,Research Director,3,Married,26862,4,No,20,4,3,1,13,2,4,11,7,4,8,28.12905,0.6681405208964264,10.0,1.2
54,No,Travel_Rarely,157,Research & Development,10,3,Medical,3,Female,77,3,2,Manufacturing Director,1,Single,25198,6,Yes,19,3,4,0,9,3,3,5,2,1,4,11.322,0.6886924150767798,20.0,1.2
24,No,Travel_Rarely,771,Research & Development,1,2,Life Sciences,2,Male,45,2,2,Healthcare Representative,3,Single,14120,1,No,12,3,2,0,4,2,2,4,3,1,2,11.77335,0.6778740273087652,1.0,1.2
23,No,Travel_Rarely,571,Research & Development,12,2,Other,4,Male,78,3,1,Laboratory Technician,4,Single,13672,1,No,13,3,3,0,5,6,4,5,2,1,4,6.74985,0.9171864171864172,12.0,1.2
40,No,Travel_Frequently,692,Research & Development,11,3,Technical Degree,4,Female,73,3,2,Laboratory Technician,3,Married,26849,1,No,11,3,1,1,10,2,4,10,9,9,4,16.12365,2.190921690921691,11.0,1.2
40,No,Travel_Rarely,444,Sales,2,2,Marketing,2,Female,92,3,2,Sales Executive,2,Married,4258,3,No,14,3,3,1,15,4,3,11,8,5,10,14.47635,0.911089712726689,2.0,1.0
25,No,Travel_Rarely,309,Human Resources,2,3,Human Resources,3,Female,82,3,1,Human Resources,2,Married,19655,4,No,14,3,3,0,6,3,3,2,0,1,2,5.57685,0.7070805043646945,2.0,1.2
30,No,Travel_Rarely,911,Research & Development,1,2,Medical,4,Male,76,3,1,Laboratory Technician,2,Married,4077,1,No,13,3,3,0,12,6,2,12,8,1,7,9.5574,1.2986832986832986,1.0,1.2
25,No,Travel_Rarely,977,Research & Development,2,1,Other,4,Male,57,3,1,Laboratory Technician,3,Divorced,7298,6,Yes,19,3,3,1,7,2,2,2,2,0,2,10.14135,1.3780318780318779,4.0,1.2
47,No,Travel_Rarely,1180,Research & Development,25,3,Medical,1,Male,84,3,3,Healthcare Representative,3,Single,13084,2,No,23,4,2,0,25,3,3,17,14,12,11,22.01415,1.2675084422258112,25.0,1.2
33,No,Non-Travel,1313,Research & Development,1,2,Medical,2,Male,59,2,1,Laboratory Technician,3,Divorced,20439,1,No,12,3,3,3,1,2,2,1,1,0,0,5.1204,0.6957726957726957,1.0,1.2
38,No,Travel_Rarely,1321,Sales,1,4,Life Sciences,4,Male,86,3,2,Sales Executive,2,Married,7636,0,No,15,3,1,2,16,3,3,15,13,5,8,11.322,0.7125662012518054,1.0,1.0
31,No,Travel_Rarely,1154,Sales,2,2,Life Sciences,1,Male,54,3,1,Sales Representative,3,Married,6393,0,No,19,3,3,1,3,1,3,2,2,1,2,7.82085,1.1892206281504458,2.0,1.2
38,No,Travel_Frequently,508,Research & Development,6,4,Life Sciences,1,Male,72,2,2,Manufacturing Director,3,Married,14284,2,No,11,3,4,1,10,1,3,8,3,7,7,13.56855,0.8253451217620599,6.0,1.2
42,No,Travel_Rarely,557,Research & Development,18,4,Life Sciences,4,Male,35,3,2,Research Scientist,1,Divorced,11189,6,Yes,17,3,3,1,9,3,2,4,3,1,2,13.7955,1.8735930735930737,36.0,1.4
41,No,Travel_Rarely,642,Research & Development,1,3,Life Sciences,4,Male,76,3,1,Research Scientist,4,Married,21412,3,No,22,4,1,1,12,3,3,5,3,1,0,7.0941,0.9634632034632035,1.0,1.4
47,No,Non-Travel,1162,Research & Development,1,1,Medical,3,Female,98,3,3,Research Director,2,Married,17231,0,No,18,3,1,2,14,3,1,13,8,5,12,30.49035,0.7242277407631739,1.0,1.2
35,No,Travel_Rarely,1490,Research & Development,11,4,Medical,4,Male,43,3,1,Laboratory Technician,3,Married,20232,7,Yes,11,3,3,1,5,3,3,2,2,2,2,6.783,0.9216909216909217,22.0,1.2
22,No,Travel_Rarely,581,Research & Development,1,2,Life Sciences,4,Male,63,3,1,Research Scientist,3,Single,17624,0,No,12,3,4,0,4,2,4,3,2,1,2,8.60625,1.1688311688311688,1.0,1.4
35,No,Travel_Rarely,1395,Research & Development,9,4,Medical,2,Male,48,3,2,Research Scientist,3,Single,18698,1,No,19,3,2,0,10,5,3,10,7,0,8,12.9999,1.7655411255411255,9.0,1.4
33,No,Travel_Rarely,501,Research & Development,15,2,Medical,2,Female,95,3,2,Healthcare Representative,4,Married,21653,0,Yes,13,3,1,1,10,6,3,9,7,8,1,12.4389,0.716194391425635,30.0,1.2
32,No,Travel_Rarely,267,Research & Development,29,4,Life Sciences,3,Female,49,2,1,Laboratory Technician,2,Single,15919,1,No,13,3,3,0,6,3,3,6,2,4,1,7.23435,0.983021483021483,29.0,1.2
40,No,Travel_Rarely,543,Research & Development,1,4,Life Sciences,1,Male,83,3,1,Laboratory Technician,4,Married,4060,8,No,19,3,3,2,8,3,2,1,0,0,0,6.1353,0.8336798336798337,1.0,1.2
32,No,Travel_Rarely,234,Sales,1,4,Medical,2,Male,68,2,1,Sales Representative,2,Married,18024,0,No,14,3,2,1,3,2,3,2,2,2,2,5.78595,0.8797983714618068,1.0,1.2
39,No,Travel_Rarely,116,Research & Development,24,1,Life Sciences,1,Male,52,3,2,Research Scientist,4,Single,5340,7,No,13,3,1,0,18,2,3,7,7,1,7,10.4754,1.4226839826839828,24.0,1.4
38,No,Travel_Rarely,201,Research & Development,10,3,Medical,2,Female,99,1,3,Research Director,3,Married,3376,3,No,12,3,1,1,20,3,3,18,16,1,11,33.6753,0.7998788612961842,10.0,1.2
32,No,Travel_Rarely,801,Sales,1,4,Marketing,3,Female,48,3,3,Sales Executive,4,Married,24032,1,No,19,3,3,2,14,3,3,14,10,5,7,26.5761,1.672604718343765,1.0,1.0
37,No,Travel_Rarely,161,Research & Development,10,3,Life Sciences,3,Female,42,4,3,Research Director,4,Married,15471,1,Yes,25,4,1,1,16,2,3,16,11,6,8,35.0472,0.832465172622653,20.0,1.2
25,No,Travel_Rarely,1382,Sales,8,2,Other,1,Female,85,3,2,Sales Executive,3,Divorced,13684,0,Yes,22,4,2,1,6,3,2,5,3,0,4,12.51285,0.7875140426897769,16.0,1.0
52,No,Non-Travel,585,Sales,29,4,Life Sciences,1,Male,40,3,1,Sales Representative,4,Divorced,19788,2,No,15,3,2,2,16,3,2,9,8,0,0,8.8791,1.3501357115160912,29.0,1.2
44,No,Travel_Rarely,1037,Research & Development,1,3,Medical,2,Male,42,3,1,Research Scientist,4,Single,13422,6,Yes,12,3,3,0,6,2,3,4,3,1,2,6.2118,0.8436363636363636,2.0,1.4
21,No,Travel_Rarely,501,Sales,5,1,Medical,3,Male,58,3,1,Sales Representative,1,Single,25479,1,Yes,11,3,4,0,2,6,3,2,2,1,2,6.069,0.9228383094222566,10.0,1.2
39,No,Non-Travel,105,Research & Development,9,3,Life Sciences,4,Male,87,3,5,Manager,4,Single,15302,2,No,13,3,3,0,21,3,2,6,0,1,3,49.54905,1.1132372740554013,9.0,1.8
23,Yes,Travel_Frequently,638,Sales,9,3,Marketing,4,Male,33,3,1,Sales Representative,1,Married,26956,1,No,19,3,1,1,1,3,2,1,0,1,0,4.5645,0.6940674680108568,9.0,1.2
36,No,Travel_Rarely,557,Sales,3,3,Medical,1,Female,94,2,3,Sales Executive,4,Married,12695,0,No,19,3,3,2,10,2,3,9,7,3,4,19.4922,1.226769378911892,3.0,1.0
36,No,Travel_Frequently,688,Research & Development,4,2,Life Sciences,4,Female,97,3,2,Manufacturing Director,2,Divorced,9192,7,No,13,3,2,3,18,3,3,4,2,0,2,13.08405,0.7958740499457112,4.0,1.2
56,No,Non-Travel,667,Research & Development,1,4,Life Sciences,3,Male,57,3,2,Healthcare Representative,3,Divorced,26236,1,No,21,4,1,1,13,2,2,13,12,1,9,16.0803,0.925855234180003,1.0,1.2
29,Yes,Travel_Rarely,1092,Research & Development,1,4,Medical,1,Male,36,3,1,Research Scientist,4,Married,26124,9,Yes,14,3,2,3,4,3,4,2,2,2,2,12.20685,1.6578354978354977,2.0,1.4
42,No,Travel_Rarely,300,Research & Development,2,3,Life Sciences,1,Male,56,3,5,Manager,3,Married,17312,5,No,11,3,1,0,24,2,2,22,6,4,14,48.144,1.08166948351428,2.0,1.8
56,Yes,Travel_Rarely,310,Research & Development,7,2,Technical Degree,4,Male,72,3,1,Laboratory Technician,3,Married,3666,8,No,11,3,4,1,14,4,1,10,9,9,8,5.96445,0.8104643104643104,7.0,1.2
41,No,Travel_Rarely,582,Research & Development,28,4,Life Sciences,1,Female,60,2,4,Manufacturing Director,2,Married,5640,0,No,23,4,3,1,21,3,3,20,7,0,10,34.6035,2.1048549713044826,28.0,1.2
34,No,Travel_Rarely,704,Sales,28,3,Marketing,4,Female,95,2,2,Sales Executive,3,Married,8978,1,No,21,4,4,2,8,2,3,8,7,1,7,17.1156,1.077194671802279,28.0,1.0
36,No,Non-Travel,301,Sales,15,4,Marketing,4,Male,88,1,2,Sales Executive,4,Divorced,10436,1,No,24,4,1,1,15,4,2,15,12,11,11,13.7853,0.8675974963890225,15.0,1.0
41,No,Travel_Rarely,930,Sales,3,3,Life Sciences,3,Male,57,2,2,Sales Executive,2,Divorced,12227,2,No,11,3,3,1,14,5,3,5,4,0,4,22.7919,1.4344406997271704,3.0,1.0
32,No,Travel_Rarely,529,Research & Development,2,3,Technical Degree,4,Male,78,3,1,Research Scientist,1,Single,11288,1,No,14,3,4,0,4,4,3,4,2,1,2,6.21945,0.8446753246753247,2.0,1.4
35,No,Travel_Rarely,1146,Human Resources,26,4,Life Sciences,3,Female,31,3,3,Human Resources,4,Single,16642,1,Yes,16,3,3,0,9,2,3,9,0,1,7,22.53435,2.8570966698997737,52.0,1.2
38,No,Travel_Rarely,345,Sales,10,2,Life Sciences,1,Female,100,3,2,Sales Executive,4,Married,5982,1,No,11,3,3,1,10,1,3,10,7,1,9,13.62465,0.857486759749639,10.0,1.0
50,Yes,Travel_Frequently,878,Sales,1,4,Life Sciences,2,Male,94,3,2,Sales Executive,3,Divorced,14255,7,No,12,3,4,2,12,3,3,6,3,0,1,17.1564,1.079762477932916,1.0,1.0
36,No,Travel_Rarely,1120,Sales,11,4,Marketing,2,Female,100,2,2,Sales Executive,4,Married,14369,4,No,13,3,1,1,8,2,2,6,3,0,0,16.9626,1.0675653988123894,11.0,1.0
45,No,Travel_Rarely,374,Sales,20,3,Life Sciences,4,Female,50,3,2,Sales Executive,3,Single,23333,8,No,15,3,3,0,8,3,3,5,3,0,1,12.3675,0.778366233349382,20.0,1.0
40,No,Travel_Rarely,1322,Research & Development,2,4,Life Sciences,3,Male,52,2,1,Research Scientist,3,Single,2725,2,No,14,3,4,0,8,2,3,2,2,2,2,7.16295,0.9728138528138528,2.0,1.4
35,No,Travel_Frequently,1199,Research & Development,18,4,Life Sciences,3,Male,80,3,2,Healthcare Representative,3,Married,24594,1,Yes,14,3,4,2,10,2,4,10,2,0,2,14.50695,0.8352664806929966,36.0,1.2
40,No,Travel_Rarely,1194,Research & Development,2,4,Medical,3,Female,98,3,1,Research Scientist,3,Married,12549,2,No,14,3,2,3,20,2,3,5,3,0,2,5.10255,0.6929870129870129,2.0,1.4
35,No,Travel_Rarely,287,Research & Development,1,4,Life Sciences,3,Female,62,1,1,Research Scientist,4,Married,8952,1,No,12,3,4,1,4,5,3,4,3,1,1,7.59135,1.030995670995671,1.0,1.4
29,No,Travel_Rarely,1378,Research & Development,13,2,Other,4,Male,46,2,2,Laboratory Technician,2,Married,23679,4,Yes,13,3,1,1,10,2,3,4,3,0,3,10.26375,1.3946638946638947,26.0,1.2
29,No,Travel_Rarely,468,Research & Development,28,4,Medical,4,Female,73,2,1,Research Scientist,1,Single,8489,1,No,14,3,2,0,5,3,1,5,4,0,4,9.65175,1.3108225108225107,28.0,1.4
50,Yes,Travel_Rarely,410,Sales,28,3,Marketing,4,Male,39,2,3,Sales Executive,1,Divorced,16586,4,Yes,13,3,2,1,20,3,3,3,2,2,0,27.6777,1.7419354838709677,56.0,1.0
39,No,Travel_Rarely,722,Sales,24,1,Marketing,2,Female,60,2,4,Sales Executive,4,Married,8828,0,No,11,3,1,1,21,2,2,20,9,9,6,30.67905,1.930829722355962,24.0,1.0
31,No,Non-Travel,325,Research & Development,5,3,Medical,2,Male,74,3,2,Manufacturing Director,1,Single,3787,0,No,19,3,2,0,10,2,3,9,4,1,7,25.3368,1.5411819450907398,5.0,1.2
26,No,Travel_Rarely,1167,Sales,5,3,Other,4,Female,30,2,1,Sales Representative,3,Single,21378,0,No,18,3,4,0,5,2,3,4,2,0,0,7.5633,1.1500581620783248,5.0,1.2
36,No,Travel_Frequently,884,Research & Development,23,2,Medical,3,Male,41,4,2,Laboratory Technician,4,Married,12290,4,No,17,3,3,1,17,3,3,5,2,0,3,6.55605,0.8908523908523909,23.0,1.2
39,No,Travel_Rarely,613,Research & Development,6,1,Medical,4,Male,42,2,3,Healthcare Representative,1,Married,21457,4,No,15,3,1,1,9,5,3,7,7,1,7,25.47705,1.4668917926882983,6.0,1.2
27,No,Travel_Rarely,155,Research & Development,4,3,Life Sciences,2,Male,87,4,2,Manufacturing Director,2,Married,5174,1,Yes,20,4,2,1,6,0,3,6,2,0,3,15.6621,0.9526911741895455,8.0,1.2
49,No,Travel_Frequently,1023,Sales,2,3,Medical,4,Male,63,2,2,Sales Executive,2,Married,13243,2,No,14,3,4,0,17,3,2,9,6,0,8,13.7445,0.8650296902583855,2.0,1.0
34,No,Travel_Rarely,628,Research & Development,8,3,Medical,2,Male,82,4,2,Laboratory Technician,3,Married,10228,2,No,12,3,1,0,6,3,4,4,3,1,2,11.2302,1.525987525987526,8.0,1.2
